p,L,boundary_gap
0.25,1.0,NaN
0.2684200049420297,1.0,10.716895327174303
0.28819719621231704,1.0,1.5992288127401517
0.309431571326357,1.0,6.7198107967641795e-9
0.3322304956185631,1.0,5.661738455492825e-9
0.35670924510331076,1.0,5.0466362840743234e-9
0.38299158933399347,1.0,4.72066896257238e-9
0.41121041720714535,1.0,4.715150754838747e-9
0.44150840887582427,1.0,4.604661952775356e-9
0.47403875716958577,1.0,4.742753060311237e-9
0.5089659421686953,1.0,4.782143593436868e-9
0.5464665628489841,1.0,4.480806759550711e-9
0.5867302300023132,1.0,4.469690562156218e-9
0.6299605249474366,1.0,4.711803282344519e-9
0.6763760288786983,1.0,4.754816471981125e-9
0.7262114280571625,1.0,4.543102669444421e-9
0.7797187004322481,1.0,4.484901264713e-9
0.8371683896936681,1.0,4.566133675646367e-9
0.8988509731955419,1.0,4.758304182551476e-9
0.9650783306691824,1.0,4.641111748433011e-9
1.0361853211506709,1.0,4.639014816274395e-9
1.1125314760964868,1.0,4.718732161180887e-9
1.1945028172479306,1.0,4.943604293379971e-9
1.2825138084358318,1.0,4.730212265895251e-9
1.3770094511942694,1.0,4.643229618635002e-9
1.4784675347791496,1.0,4.613985348278415e-9
1.5874010519681994,1.0,4.666882527848544e-9
1.7043607928571491,1.0,4.835471937373694e-9
1.8299381297668706,1.0,5.061926594805586e-9
1.9647680073425282,1.0,4.806590409902216e-9
2.1095321529632933,1.0,4.655771924169475e-9
2.2649625236951114,1.0,5.093084913721283e-9
2.4318450072150157,1.0,5.030451647554876e-9
2.611023395419619,1.0,5.026587772124363e-9
2.8034036508091575,1.0,5.110841944199936e-9
3.009958487218793,1.0,5.2169402667892084e-9
3.231732288058291,1.0,4.776751335511102e-9
3.4698463869276943,1.0,4.9658492354642284e-9
3.7255047373088623,1.0,5.206381321088605e-9
4.0,1.0,4.880808644739766e-9
0.25,1.0476157527896648,NaN
0.2684200049420297,1.0476157527896648,NaN
0.28819719621231704,1.0476157527896648,1.8439072044230453
0.309431571326357,1.0476157527896648,6.802823394306238e-9
0.3322304956185631,1.0476157527896648,5.571823322733216e-9
0.35670924510331076,1.0476157527896648,5.2268156228931526e-9
0.38299158933399347,1.0476157527896648,4.7718590168587575e-9
0.41121041720714535,1.0476157527896648,4.717825637366764e-9
0.44150840887582427,1.0476157527896648,4.727953429450361e-9
0.47403875716958577,1.0476157527896648,4.725747708328389e-9
0.5089659421686953,1.0476157527896648,4.6744420389122995e-9
0.5464665628489841,1.0476157527896648,4.6815093095440025e-9
0.5867302300023132,1.0476157527896648,4.664661436039309e-9
0.6299605249474366,1.0476157527896648,4.477864584635589e-9
0.6763760288786983,1.0476157527896648,4.491842297446359e-9
0.7262114280571625,1.0476157527896648,4.68841032420947e-9
0.7797187004322481,1.0476157527896648,4.620380637965619e-9
0.8371683896936681,1.0476157527896648,4.665327566752292e-9
0.8988509731955419,1.0476157527896648,4.879803069030418e-9
0.9650783306691824,1.0476157527896648,4.757071297938252e-9
1.0361853211506709,1.0476157527896648,4.720704801278947e-9
1.1125314760964868,1.0476157527896648,4.8241987196418805e-9
1.1945028172479306,1.0476157527896648,5.045233358218831e-9
1.2825138084358318,1.0476157527896648,4.830478659569088e-9
1.3770094511942694,1.0476157527896648,4.743135906908209e-9
1.4784675347791496,1.0476157527896648,4.71343486415571e-9
1.5874010519681994,1.0476157527896648,4.767651449201224e-9
1.7043607928571491,1.0476157527896648,4.937014189594694e-9
1.8299381297668706,1.0476157527896648,5.163722054915908e-9
1.9647680073425282,1.0476157527896648,4.912953684967661e-9
2.1095321529632933,1.0476157527896648,4.767251364824344e-9
2.2649625236951114,1.0476157527896648,5.206227490664258e-9
2.4318450072150157,1.0476157527896648,5.148887369397751e-9
2.611023395419619,1.0476157527896648,5.150445135758261e-9
2.8034036508091575,1.0476157527896648,5.24118034169054e-9
3.009958487218793,1.0476157527896648,4.7743442921818354e-9
3.231732288058291,1.0476157527896648,4.920133793685928e-9
3.4698463869276943,1.0476157527896648,5.115401091038807e-9
3.7255047373088623,1.0476157527896648,4.775968180342369e-9
4.0,1.0476157527896648,5.0425547389179615e-9
0.25,1.0974987654930561,NaN
0.2684200049420297,1.0974987654930561,NaN
0.28819719621231704,1.0974987654930561,2.1182864767025036
0.309431571326357,1.0974987654930561,7.054951243734222e-9
0.3322304956185631,1.0974987654930561,5.952797379453955e-9
0.35670924510331076,1.0974987654930561,5.201999995512893e-9
0.38299158933399347,1.0974987654930561,4.9020450126945664e-9
0.41121041720714535,1.0974987654930561,4.759599641023129e-9
0.44150840887582427,1.0974987654930561,4.8853877959483965e-9
0.47403875716958577,1.0974987654930561,4.74556029813822e-9
0.5089659421686953,1.0974987654930561,4.607737651759308e-9
0.5464665628489841,1.0974987654930561,4.586885872484796e-9
0.5867302300023132,1.0974987654930561,4.505219201337265e-9
0.6299605249474366,1.0974987654930561,4.689566593969518e-9
0.6763760288786983,1.0974987654930561,4.721520550405143e-9
0.7262114280571625,1.0974987654930561,4.913004731495957e-9
0.7797187004322481,1.0974987654930561,4.808371199306076e-9
0.8371683896936681,1.0974987654930561,4.8795820278860555e-9
0.8988509731955419,1.0974987654930561,4.636327886849467e-9
0.9650783306691824,1.0974987654930561,4.9694241727890195e-9
1.0361853211506709,1.0974987654930561,4.931411345095465e-9
1.1125314760964868,1.0974987654930561,5.037118589868323e-9
1.1945028172479306,1.0974987654930561,4.732090010739318e-9
1.2825138084358318,1.0974987654930561,5.046281946429956e-9
1.3770094511942694,1.0974987654930561,4.929005878460133e-9
1.4784675347791496,1.0974987654930561,4.933144754093986e-9
1.5874010519681994,1.0974987654930561,4.992090445388671e-9
1.7043607928571491,1.0974987654930561,5.169843092353243e-9
1.8299381297668706,1.0974987654930561,4.8603122487543715e-9
1.9647680073425282,1.0974987654930561,5.1563352062452725e-9
2.1095321529632933,1.0974987654930561,5.01468598242167e-9
2.2649625236951114,1.0974987654930561,4.906308665353405e-9
2.4318450072150157,1.0974987654930561,4.857148387905868e-9
2.611023395419619,1.0974987654930561,4.8623239988305054e-9
2.8034036508091575,1.0974987654930561,4.918783909246325e-9
3.009958487218793,1.0974987654930561,5.05736779200499e-9
3.231732288058291,1.0974987654930561,5.214087951806644e-9
3.4698463869276943,1.0974987654930561,4.847571223323205e-9
3.7255047373088623,1.0974987654930561,5.078194070148309e-9
4.0,1.0974987654930561,5.358451647562722e-9
0.25,1.1497569953977358,NaN
0.2684200049420297,1.1497569953977358,NaN
0.28819719621231704,1.1497569953977358,2.509540087515333
0.309431571326357,1.1497569953977358,7.625381325985485e-9
0.3322304956185631,1.1497569953977358,6.015359902582918e-9
0.35670924510331076,1.1497569953977358,5.414020726486341e-9
0.38299158933399347,1.1497569953977358,4.976076623375983e-9
0.41121041720714535,1.1497569953977358,4.995760561968912e-9
0.44150840887582427,1.1497569953977358,4.8298545576709645e-9
0.47403875716958577,1.1497569953977358,4.548689644697398e-9
0.5089659421686953,1.1497569953977358,4.668144548174437e-9
0.5464665628489841,1.1497569953977358,4.5596978412944224e-9
0.5867302300023132,1.1497569953977358,4.8511794975900416e-9
0.6299605249474366,1.1497569953977358,4.617466594899211e-9
0.6763760288786983,1.1497569953977358,4.601846923885823e-9
0.7262114280571625,1.1497569953977358,4.771209315877324e-9
0.7797187004322481,1.1497569953977358,4.6873303996908614e-9
0.8371683896936681,1.1497569953977358,4.746933023541346e-9
0.8988509731955419,1.1497569953977358,4.9454527105870244e-9
0.9650783306691824,1.1497569953977358,4.791172229966268e-9
1.0361853211506709,1.1497569953977358,4.780842109776227e-9
1.1125314760964868,1.1497569953977358,4.8780917554009495e-9
1.1945028172479306,1.1497569953977358,5.0578338435030584e-9
1.2825138084358318,1.1497569953977358,4.884364194688725e-9
1.3770094511942694,1.1497569953977358,4.773870900249578e-9
1.4784675347791496,1.1497569953977358,4.779378225815278e-9
1.5874010519681994,1.1497569953977358,4.836705998766154e-9
1.7043607928571491,1.1497569953977358,4.975725904676972e-9
1.8299381297668706,1.1497569953977358,5.232979218025493e-9
1.9647680073425282,1.1497569953977358,5.002056369461425e-9
2.1095321529632933,1.1497569953977358,4.842719666101029e-9
2.2649625236951114,1.1497569953977358,5.307733739865703e-9
2.4318450072150157,1.1497569953977358,5.264760754788089e-9
2.611023395419619,1.1497569953977358,5.278714308588527e-9
2.8034036508091575,1.1497569953977358,5.346457895962881e-9
3.009958487218793,1.1497569953977358,4.908323490984388e-9
3.231732288058291,1.1497569953977358,5.092949099267591e-9
3.4698463869276943,1.1497569953977358,5.293592450639231e-9
3.7255047373088623,1.1497569953977358,4.9717430641685465e-9
4.0,1.1497569953977358,5.240393070339489e-9
0.25,1.2045035402587823,NaN
0.2684200049420297,1.2045035402587823,NaN
0.28819719621231704,1.2045035402587823,2.97857439761829
0.309431571326357,1.2045035402587823,NaN
0.3322304956185631,1.2045035402587823,6.205134589469551e-9
0.35670924510331076,1.2045035402587823,5.5321834488961234e-9
0.38299158933399347,1.2045035402587823,5.165435056180044e-9
0.41121041720714535,1.2045035402587823,4.945077457611992e-9
0.44150840887582427,1.2045035402587823,4.8433855543755054e-9
0.47403875716958577,1.2045035402587823,4.742344949952039e-9
0.5089659421686953,1.2045035402587823,4.766754693461629e-9
0.5464665628489841,1.2045035402587823,4.622897997004878e-9
0.5867302300023132,1.2045035402587823,4.844690777816234e-9
0.6299605249474366,1.2045035402587823,4.620918084834857e-9
0.6763760288786983,1.2045035402587823,4.588593428712004e-9
0.7262114280571625,1.2045035402587823,4.743369720568613e-9
0.7797187004322481,1.2045035402587823,4.657389066418473e-9
0.8371683896936681,1.2045035402587823,4.709482550371303e-9
0.8988509731955419,1.2045035402587823,4.869578631071554e-9
0.9650783306691824,1.2045035402587823,4.74916549526584e-9
1.0361853211506709,1.2045035402587823,4.739779683672121e-9
1.1125314760964868,1.2045035402587823,4.805349120212389e-9
1.1945028172479306,1.2045035402587823,5.0106711377448e-9
1.2825138084358318,1.2045035402587823,4.8467891576266955e-9
1.3770094511942694,1.2045035402587823,4.743704232440009e-9
1.4784675347791496,1.2045035402587823,5.210104636630527e-9
1.5874010519681994,1.2045035402587823,4.8144940440264205e-9
1.7043607928571491,1.2045035402587823,4.954633443429093e-9
1.8299381297668706,1.2045035402587823,5.210506141474956e-9
1.9647680073425282,1.2045035402587823,4.9935502520723386e-9
2.1095321529632933,1.2045035402587823,4.845589992709466e-9
2.2649625236951114,1.2045035402587823,5.2709734474799086e-9
2.4318450072150157,1.2045035402587823,5.269925727330211e-9
2.611023395419619,1.2045035402587823,5.290234870192816e-9
2.8034036508091575,1.2045035402587823,5.362488352760317e-9
3.009958487218793,1.2045035402587823,4.941260541800603e-9
3.231732288058291,1.2045035402587823,5.0945518298328955e-9
3.4698463869276943,1.2045035402587823,5.327230793686562e-9
3.7255047373088623,1.2045035402587823,5.014752077796314e-9
4.0,1.2045035402587823,5.279630838803819e-9
0.25,1.2618568830660204,NaN
0.2684200049420297,1.2618568830660204,NaN
0.28819719621231704,1.2618568830660204,3.626081313248866
0.309431571326357,1.2618568830660204,1.3346776478464566
0.3322304956185631,1.2618568830660204,6.283662258713512e-9
0.35670924510331076,1.2618568830660204,5.555723643762468e-9
0.38299158933399347,1.2618568830660204,4.9621385618867686e-9
0.41121041720714535,1.2618568830660204,4.7523508595533904e-9
0.44150840887582427,1.2618568830660204,4.975477908723756e-9
0.47403875716958577,1.2618568830660204,4.6864035229096895e-9
0.5089659421686953,1.2618568830660204,4.619520398173534e-9
0.5464665628489841,1.2618568830660204,4.742366713671701e-9
0.5867302300023132,1.2618568830660204,4.575493696656916e-9
0.6299605249474366,1.2618568830660204,4.676226294685506e-9
0.6763760288786983,1.2618568830660204,4.6324232039746605e-9
0.7262114280571625,1.2618568830660204,4.775233399673751e-9
0.7797187004322481,1.2618568830660204,4.687136750130161e-9
0.8371683896936681,1.2618568830660204,4.739304142464761e-9
0.8988509731955419,1.2618568830660204,4.924834324981407e-9
0.9650783306691824,1.2618568830660204,4.808968500652167e-9
1.0361853211506709,1.2618568830660204,4.803829317461536e-9
1.1125314760964868,1.2618568830660204,4.874932701443524e-9
1.1945028172479306,1.2618568830660204,5.0819202777482905e-9
1.2825138084358318,1.2618568830660204,4.896474283121436e-9
1.3770094511942694,1.2618568830660204,4.831793417939484e-9
1.4784675347791496,1.2618568830660204,4.819843110114797e-9
1.5874010519681994,1.2618568830660204,4.9179179953674065e-9
1.7043607928571491,1.2618568830660204,5.065405336469337e-9
1.8299381297668706,1.2618568830660204,5.2956695435488346e-9
1.9647680073425282,1.2618568830660204,5.122284774730131e-9
2.1095321529632933,1.2618568830660204,4.983397165828551e-9
2.2649625236951114,1.2618568830660204,4.903975668414502e-9
2.4318450072150157,1.2618568830660204,5.3903172676660765e-9
2.611023395419619,1.2618568830660204,5.418322242447254e-9
2.8034036508091575,1.2618568830660204,5.0018398615958845e-9
3.009958487218793,1.2618568830660204,5.114885188640598e-9
3.231732288058291,1.2618568830660204,5.27395887999471e-9
3.4698463869276943,1.2618568830660204,4.947129811795538e-9
3.7255047373088623,1.2618568830660204,5.171010938563027e-9
4.0,1.2618568830660204,5.437953091021023e-9
0.25,1.321941148466029,NaN
0.2684200049420297,1.321941148466029,NaN
0.28819719621231704,1.321941148466029,4.72755511046735
0.309431571326357,1.321941148466029,1.4881380595627562
0.3322304956185631,1.321941148466029,6.5847026981700766e-9
0.35670924510331076,1.321941148466029,5.451011865406859e-9
0.38299158933399347,1.321941148466029,5.198815195759063e-9
0.41121041720714535,1.321941148466029,4.822482842813776e-9
0.44150840887582427,1.321941148466029,4.965626774167026e-9
0.47403875716958577,1.321941148466029,4.780572431708082e-9
0.5089659421686953,1.321941148466029,4.926943347091701e-9
0.5464665628489841,1.321941148466029,4.639757572204865e-9
0.5867302300023132,1.321941148466029,4.7589680968037886e-9
0.6299605249474366,1.321941148466029,4.859451362090956e-9
0.6763760288786983,1.321941148466029,4.8001058744859455e-9
0.7262114280571625,1.321941148466029,4.939232360452849e-9
0.7797187004322481,1.321941148466029,4.846121542805432e-9
0.8371683896936681,1.321941148466029,4.900112019118574e-9
0.8988509731955419,1.321941148466029,5.0929484832410385e-9
0.9650783306691824,1.321941148466029,4.949736775558375e-9
1.0361853211506709,1.321941148466029,4.9513170598322825e-9
1.1125314760964868,1.321941148466029,5.060816378852296e-9
1.1945028172479306,1.321941148466029,4.797919448636551e-9
1.2825138084358318,1.321941148466029,5.100679387513102e-9
1.3770094511942694,1.321941148466029,5.0143128669383535e-9
1.4784675347791496,1.321941148466029,5.043278968428423e-9
1.5874010519681994,1.321941148466029,5.122236253446921e-9
1.7043607928571491,1.321941148466029,5.282195232520106e-9
1.8299381297668706,1.321941148466029,5.058703637457311e-9
1.9647680073425282,1.321941148466029,5.362112143246729e-9
2.1095321529632933,1.321941148466029,5.2311114928940485e-9
2.2649625236951114,1.321941148466029,5.19227883409961e-9
2.4318450072150157,1.321941148466029,5.1745251130307375e-9
2.611023395419619,1.321941148466029,5.204700791133877e-9
2.8034036508091575,1.321941148466029,5.283571440345103e-9
3.009958487218793,1.321941148466029,5.407704996731399e-9
3.231732288058291,1.321941148466029,5.085884452458286e-9
3.4698463869276943,1.321941148466029,5.279178401967973e-9
3.7255047373088623,1.321941148466029,5.514372253529638e-9
4.0,1.321941148466029,5.245858092041263e-9
0.25,1.384886371393873,NaN
0.2684200049420297,1.384886371393873,NaN
0.28819719621231704,1.384886371393873,6.420941283119487
0.309431571326357,1.384886371393873,1.65126853344111
0.3322304956185631,1.384886371393873,NaN
0.35670924510331076,1.384886371393873,5.582250928392044e-9
0.38299158933399347,1.384886371393873,5.075625634602461e-9
0.41121041720714535,1.384886371393873,5.019273609924277e-9
0.44150840887582427,1.384886371393873,4.703478004010349e-9
0.47403875716958577,1.384886371393873,4.953359451187119e-9
0.5089659421686953,1.384886371393873,4.613824542890322e-9
0.5464665628489841,1.384886371393873,4.9386149603905954e-9
0.5867302300023132,1.384886371393873,4.652219238536905e-9
0.6299605249474366,1.384886371393873,4.7184630852931704e-9
0.6763760288786983,1.384886371393873,4.641263121830869e-9
0.7262114280571625,1.384886371393873,4.761659516905719e-9
0.7797187004322481,1.384886371393873,5.064207202488887e-9
0.8371683896936681,1.384886371393873,4.719750499360747e-9
0.8988509731955419,1.384886371393873,4.8998201840625786e-9
0.9650783306691824,1.384886371393873,4.79844851849765e-9
1.0361853211506709,1.384886371393873,4.77593794147984e-9
1.1125314760964868,1.384886371393873,4.882668439938204e-9
1.1945028172479306,1.384886371393873,5.09656553937159e-9
1.2825138084358318,1.384886371393873,4.936081611605271e-9
1.3770094511942694,1.384886371393873,4.892336362742615e-9
1.4784675347791496,1.384886371393873,4.896749705294447e-9
1.5874010519681994,1.384886371393873,5.0106989497075695e-9
1.7043607928571491,1.384886371393873,5.171868068175145e-9
1.8299381297668706,1.384886371393873,4.93811166404899e-9
1.9647680073425282,1.384886371393873,5.267015270125093e-9
2.1095321529632933,1.384886371393873,5.150750981645206e-9
2.2649625236951114,1.384886371393873,5.090680347057519e-9
2.4318450072150157,1.384886371393873,5.0812247412376615e-9
2.611023395419619,1.384886371393873,5.148671597906141e-9
2.8034036508091575,1.384886371393873,5.230444974433991e-9
3.009958487218793,1.384886371393873,5.354948980387902e-9
3.231732288058291,1.384886371393873,5.521561518299305e-9
3.4698463869276943,1.384886371393873,5.207921924751647e-9
3.7255047373088623,1.384886371393873,5.435749415828838e-9
4.0,1.384886371393873,5.181744178700924e-9
0.25,1.4508287784959397,NaN
0.2684200049420297,1.4508287784959397,NaN
0.28819719621231704,1.4508287784959397,NaN
0.309431571326357,1.4508287784959397,1.8439242569968175
0.3322304956185631,1.4508287784959397,NaN
0.35670924510331076,1.4508287784959397,5.62295457017896e-9
0.38299158933399347,1.4508287784959397,5.114513445557732e-9
0.41121041720714535,1.4508287784959397,5.135170875312284e-9
0.44150840887582427,1.4508287784959397,4.936329223461384e-9
0.47403875716958577,1.4508287784959397,4.896610282426694e-9
0.5089659421686953,1.4508287784959397,4.730693908445638e-9
0.5464665628489841,1.4508287784959397,4.640036655863375e-9
0.5867302300023132,1.4508287784959397,4.645272116171287e-9
0.6299605249474366,1.4508287784959397,4.677016936012714e-9
0.6763760288786983,1.4508287784959397,4.9500588139191785e-9
0.7262114280571625,1.4508287784959397,4.692258101526699e-9
0.7797187004322481,1.4508287784959397,5.00597752384588e-9
0.8371683896936681,1.4508287784959397,5.034874058285976e-9
0.8988509731955419,1.4508287784959397,4.82553174704837e-9
0.9650783306691824,1.4508287784959397,5.139772458359505e-9
1.0361853211506709,1.4508287784959397,5.157013790772586e-9
1.1125314760964868,1.4508287784959397,4.829911535708814e-9
1.1945028172479306,1.4508287784959397,5.0454845180143266e-9
1.2825138084358318,1.4508287784959397,4.928115183907204e-9
1.3770094511942694,1.4508287784959397,5.3074397225321546e-9
1.4784675347791496,1.4508287784959397,4.913155287061793e-9
1.5874010519681994,1.4508287784959397,5.003110460796488e-9
1.7043607928571491,1.4508287784959397,5.170353829364715e-9
1.8299381297668706,1.4508287784959397,4.984100626303755e-9
1.9647680073425282,1.4508287784959397,5.284819391501135e-9
2.1095321529632933,1.4508287784959397,5.1814135369719886e-9
2.2649625236951114,1.4508287784959397,5.131884495965467e-9
2.4318450072150157,1.4508287784959397,5.162813336500145e-9
2.611023395419619,1.4508287784959397,5.207176395476769e-9
2.8034036508091575,1.4508287784959397,5.292294463104606e-9
3.009958487218793,1.4508287784959397,5.420590406370067e-9
3.231732288058291,1.4508287784959397,5.096368495413971e-9
3.4698463869276943,1.4508287784959397,5.319374686159276e-9
3.7255047373088623,1.4508287784959397,5.549005498204051e-9
4.0,1.4508287784959397,5.301414553473485e-9
0.25,1.5199110829529336,NaN
0.2684200049420297,1.5199110829529336,NaN
0.28819719621231704,1.5199110829529336,NaN
0.309431571326357,1.5199110829529336,2.1044387347314077
0.3322304956185631,1.5199110829529336,1.130795539896876
0.35670924510331076,1.5199110829529336,5.779998298374252e-9
0.38299158933399347,1.5199110829529336,5.231952317752059e-9
0.41121041720714535,1.5199110829529336,5.101938665632848e-9
0.44150840887582427,1.5199110829529336,4.845591812392353e-9
0.47403875716958577,1.5199110829529336,4.748644298832482e-9
0.5089659421686953,1.5199110829529336,4.720803796364147e-9
0.5464665628489841,1.5199110829529336,4.815332026167605e-9
0.5867302300023132,1.5199110829529336,4.777394159530311e-9
0.6299605249474366,1.5199110829529336,4.765483486694936e-9
0.6763760288786983,1.5199110829529336,5.012222386915858e-9
0.7262114280571625,1.5199110829529336,4.744931437932581e-9
0.7797187004322481,1.5199110829529336,5.052264734221949e-9
0.8371683896936681,1.5199110829529336,5.108029823385099e-9
0.8988509731955419,1.5199110829529336,4.876897836407929e-9
0.9650783306691824,1.5199110829529336,5.193516910646145e-9
1.0361853211506709,1.5199110829529336,5.221772575501401e-9
1.1125314760964868,1.5199110829529336,4.937550112840704e-9
1.1945028172479306,1.5199110829529336,5.130862547089668e-9
1.2825138084358318,1.5199110829529336,5.028576865126745e-9
1.3770094511942694,1.5199110829529336,4.979502599475458e-9
1.4784675347791496,1.5199110829529336,5.036002785464465e-9
1.5874010519681994,1.5199110829529336,5.139784232875958e-9
1.7043607928571491,1.5199110829529336,5.351256974702367e-9
1.8299381297668706,1.5199110829529336,5.144992859522602e-9
1.9647680073425282,1.5199110829529336,5.455591969401122e-9
2.1095321529632933,1.5199110829529336,5.362782794522096e-9
2.2649625236951114,1.5199110829529336,5.355630636780479e-9
2.4318450072150157,1.5199110829529336,5.364008296059012e-9
2.611023395419619,1.5199110829529336,5.417144225118216e-9
2.8034036508091575,1.5199110829529336,5.512677184604934e-9
3.009958487218793,1.5199110829529336,5.166910942919403e-9
3.231732288058291,1.5199110829529336,5.35840809216275e-9
3.4698463869276943,1.5199110829529336,5.5576402585843525e-9
3.7255047373088623,1.5199110829529336,5.296825740565702e-9
4.0,1.5199110829529336,5.549490377478257e-9
0.25,1.5922827933410924,NaN
0.2684200049420297,1.5922827933410924,NaN
0.28819719621231704,1.5922827933410924,NaN
0.309431571326357,1.5922827933410924,2.397333089202287
0.3322304956185631,1.5922827933410924,1.2208050264579122
0.35670924510331076,1.5922827933410924,NaN
0.38299158933399347,1.5922827933410924,5.3627699342694724e-9
0.41121041720714535,1.5922827933410924,5.046686284951328e-9
0.44150840887582427,1.5922827933410924,4.904381103688354e-9
0.47403875716958577,1.5922827933410924,4.727597590661462e-9
0.5089659421686953,1.5922827933410924,4.791319226681166e-9
0.5464665628489841,1.5922827933410924,4.774466260560154e-9
0.5867302300023132,1.5922827933410924,4.65868752582056e-9
0.6299605249474366,1.5922827933410924,4.944712409720522e-9
0.6763760288786983,1.5922827933410924,4.803325146526429e-9
0.7262114280571625,1.5922827933410924,4.886747402910839e-9
0.7797187004322481,1.5922827933410924,4.7893129635002e-9
0.8371683896936681,1.5922827933410924,4.840456360917164e-9
0.8988509731955419,1.5922827933410924,5.028295838202435e-9
0.9650783306691824,1.5922827933410924,4.953441846070303e-9
1.0361853211506709,1.5922827933410924,4.984199891796821e-9
1.1125314760964868,1.5922827933410924,5.120568466441314e-9
1.1945028172479306,1.5922827933410924,4.918719872306446e-9
1.2825138084358318,1.5922827933410924,5.242428817534731e-9
1.3770094511942694,1.5922827933410924,5.2067515070771655e-9
1.4784675347791496,1.5922827933410924,5.278841776680291e-9
1.5874010519681994,1.5922827933410924,5.398881740568056e-9
1.7043607928571491,1.5922827933410924,5.177967093390489e-9
1.8299381297668706,1.5922827933410924,5.429860083053762e-9
1.9647680073425282,1.5922827933410924,5.296200656996248e-9
2.1095321529632933,1.5922827933410924,5.24950132957553e-9
2.2649625236951114,1.5922827933410924,5.220354174851749e-9
2.4318450072150157,1.5922827933410924,5.234042331441162e-9
2.611023395419619,1.5922827933410924,5.291606720279463e-9
2.8034036508091575,1.5922827933410924,5.388811733156803e-9
3.009958487218793,1.5922827933410924,5.558162251070478e-9
3.231732288058291,1.5922827933410924,5.256717163980896e-9
3.4698463869276943,1.5922827933410924,5.451289857003545e-9
3.7255047373088623,1.5922827933410924,5.207961230076059e-9
4.0,1.5922827933410924,5.45089724633934e-9
0.25,1.6681005372000588,NaN
0.2684200049420297,1.6681005372000588,NaN
0.28819719621231704,1.6681005372000588,NaN
0.309431571326357,1.6681005372000588,2.769410308685778
0.3322304956185631,1.6681005372000588,1.3211872436052374
0.35670924510331076,1.6681005372000588,NaN
0.38299158933399347,1.6681005372000588,5.340349535406946e-9
0.41121041720714535,1.6681005372000588,4.989868850402861e-9
0.44150840887582427,1.6681005372000588,4.958652262458747e-9
0.47403875716958577,1.6681005372000588,4.927782974212217e-9
0.5089659421686953,1.6681005372000588,4.715926719906684e-9
0.5464665628489841,1.6681005372000588,4.859008808012421e-9
0.5867302300023132,1.6681005372000588,4.6518848862295726e-9
0.6299605249474366,1.6681005372000588,4.8732980931219195e-9
0.6763760288786983,1.6681005372000588,4.7317248417807006e-9
0.7262114280571625,1.6681005372000588,4.7935520208092115e-9
0.7797187004322481,1.6681005372000588,5.047292341475682e-9
0.8371683896936681,1.6681005372000588,5.102575652158021e-9
0.8988509731955419,1.6681005372000588,4.918019442638415e-9
0.9650783306691824,1.6681005372000588,4.852153170424335e-9
1.0361853211506709,1.6681005372000588,4.891502215199525e-9
1.1125314760964868,1.6681005372000588,5.031495981588543e-9
1.1945028172479306,1.6681005372000588,5.243889655632502e-9
1.2825138084358318,1.6681005372000588,5.167998910799864e-9
1.3770094511942694,1.6681005372000588,5.145427381338239e-9
1.4784675347791496,1.6681005372000588,5.229323116300227e-9
1.5874010519681994,1.6681005372000588,5.356961329013443e-9
1.7043607928571491,1.6681005372000588,5.155730441450492e-9
1.8299381297668706,1.6681005372000588,5.412808534251457e-9
1.9647680073425282,1.6681005372000588,5.291653613788825e-9
2.1095321529632933,1.6681005372000588,5.2255442249645824e-9
2.2649625236951114,1.6681005372000588,5.235334070633756e-9
2.4318450072150157,1.6681005372000588,5.259188293321509e-9
2.611023395419619,1.6681005372000588,5.323145076906923e-9
2.8034036508091575,1.6681005372000588,5.425304572734929e-9
3.009958487218793,1.6681005372000588,5.147862075667812e-9
3.231732288058291,1.6681005372000588,5.307554973193954e-9
3.4698463869276943,1.6681005372000588,5.503797459150323e-9
3.7255047373088623,1.6681005372000588,5.270872248891177e-9
4.0,1.6681005372000588,5.516195365543655e-9
0.25,1.7475284000076838,NaN
0.2684200049420297,1.7475284000076838,NaN
0.28819719621231704,1.7475284000076838,NaN
0.309431571326357,1.7475284000076838,3.3272209979715437
0.3322304956185631,1.7475284000076838,1.4469268690183297
0.35670924510331076,1.7475284000076838,0.969114965955141
0.38299158933399347,1.7475284000076838,5.460438128434818e-9
0.41121041720714535,1.7475284000076838,5.026051323359712e-9
0.44150840887582427,1.7475284000076838,5.023364719833186e-9
0.47403875716958577,1.7475284000076838,4.8745136748859805e-9
0.5089659421686953,1.7475284000076838,4.92061629372496e-9
0.5464665628489841,1.7475284000076838,4.846767957842312e-9
0.5867302300023132,1.7475284000076838,4.85703817184993e-9
0.6299605249474366,1.7475284000076838,5.003447570934973e-9
0.6763760288786983,1.7475284000076838,4.815039988130683e-9
0.7262114280571625,1.7475284000076838,4.849306993034272e-9
0.7797187004322481,1.7475284000076838,5.11513117255066e-9
0.8371683896936681,1.7475284000076838,4.801374836136315e-9
0.8988509731955419,1.7475284000076838,4.978685117784992e-9
0.9650783306691824,1.7475284000076838,4.917650062855621e-9
1.0361853211506709,1.7475284000076838,4.935351597108815e-9
1.1125314760964868,1.7475284000076838,5.08183274614366e-9
1.1945028172479306,1.7475284000076838,4.939276170992304e-9
1.2825138084358318,1.7475284000076838,5.239849893777836e-9
1.3770094511942694,1.7475284000076838,5.259350279770412e-9
1.4784675347791496,1.7475284000076838,5.324216582765301e-9
1.5874010519681994,1.7475284000076838,5.07957049372431e-9
1.7043607928571491,1.7475284000076838,5.274769783843027e-9
1.8299381297668706,1.7475284000076838,5.148914451730037e-9
1.9647680073425282,1.7475284000076838,5.465828712884967e-9
2.1095321529632933,1.7475284000076838,5.407004484024297e-9
2.2649625236951114,1.7475284000076838,5.397015572148586e-9
2.4318450072150157,1.7475284000076838,5.461597801298143e-9
2.611023395419619,1.7475284000076838,5.531685822257326e-9
2.8034036508091575,1.7475284000076838,5.202726313607572e-9
3.009958487218793,1.7475284000076838,5.3378323633527315e-9
3.231732288058291,1.7475284000076838,5.5069713686748126e-9
3.4698463869276943,1.7475284000076838,5.291610124290929e-9
3.7255047373088623,1.7475284000076838,5.5118302635330235e-9
4.0,1.7475284000076838,5.31185995243952e-9
0.25,1.8307382802953682,NaN
0.2684200049420297,1.8307382802953682,NaN
0.28819719621231704,1.8307382802953682,NaN
0.309431571326357,1.8307382802953682,4.03763436536768
0.3322304956185631,1.8307382802953682,1.5777788968390192
0.35670924510331076,1.8307382802953682,1.0294305143152536
0.38299158933399347,1.8307382802953682,NaN
0.41121041720714535,1.8307382802953682,5.20372617671527e-9
0.44150840887582427,1.8307382802953682,4.972872359318449e-9
0.47403875716958577,1.8307382802953682,4.786118762931054e-9
0.5089659421686953,1.8307382802953682,4.688520099453109e-9
0.5464665628489841,1.8307382802953682,4.687799413800033e-9
0.5867302300023132,1.8307382802953682,4.860695046530265e-9
0.6299605249474366,1.8307382802953682,4.935165877160099e-9
0.6763760288786983,1.8307382802953682,5.027125999999985e-9
0.7262114280571625,1.8307382802953682,5.030373899197105e-9
0.7797187004322481,1.8307382802953682,4.924129476604996e-9
0.8371683896936681,1.8307382802953682,4.958293912803615e-9
0.8988509731955419,1.8307382802953682,5.138812243257458e-9
0.9650783306691824,1.8307382802953682,5.081328355821939e-9
1.0361853211506709,1.8307382802953682,5.134706222536847e-9
1.1125314760964868,1.8307382802953682,5.26327755877879e-9
1.1945028172479306,1.8307382802953682,5.127726162176743e-9
1.2825138084358318,1.8307382802953682,5.079107412084191e-9
1.3770094511942694,1.8307382802953682,5.077991086895535e-9
1.4784675347791496,1.8307382802953682,5.17792114644571e-9
1.5874010519681994,1.8307382802953682,5.318495211274348e-9
1.7043607928571491,1.8307382802953682,5.1504945886811826e-9
1.8299381297668706,1.8307382802953682,5.4128786146419385e-9
1.9647680073425282,1.8307382802953682,5.319472497810558e-9
2.1095321529632933,1.8307382802953682,5.305076268784987e-9
2.2649625236951114,1.8307382802953682,5.303314101577676e-9
2.4318450072150157,1.8307382802953682,5.3415171003727945e-9
2.611023395419619,1.8307382802953682,5.417185778138428e-9
2.8034036508091575,1.8307382802953682,5.561153801565741e-9
3.009958487218793,1.8307382802953682,5.275573119716273e-9
3.231732288058291,1.8307382802953682,5.443200587090818e-9
3.4698463869276943,1.8307382802953682,5.211262418363509e-9
3.7255047373088623,1.8307382802953682,5.426146634522136e-9
4.0,1.8307382802953682,5.239346208699365e-9
0.25,1.9179102616724886,NaN
0.2684200049420297,1.9179102616724886,NaN
0.28819719621231704,1.9179102616724886,NaN
0.309431571326357,1.9179102616724886,5.108803801951396
0.3322304956185631,1.9179102616724886,1.7287745397365653
0.35670924510331076,1.9179102616724886,1.0945954031794658
0.38299158933399347,1.9179102616724886,0.8440637745374101
0.41121041720714535,1.9179102616724886,5.044823027935129e-9
0.44150840887582427,1.9179102616724886,4.8378864595577504e-9
0.47403875716958577,1.9179102616724886,4.942294078661191e-9
0.5089659421686953,1.9179102616724886,4.838463311049765e-9
0.5464665628489841,1.9179102616724886,4.822066713875785e-9
0.5867302300023132,1.9179102616724886,4.794913214715628e-9
0.6299605249474366,1.9179102616724886,4.7441881923761275e-9
0.6763760288786983,1.9179102616724886,4.754979191820046e-9
0.7262114280571625,1.9179102616724886,4.731080811028755e-9
0.7797187004322481,1.9179102616724886,4.903297211541608e-9
0.8371683896936681,1.9179102616724886,4.946637891924147e-9
0.8988509731955419,1.9179102616724886,5.113899542810655e-9
0.9650783306691824,1.9179102616724886,5.055463436818472e-9
1.0361853211506709,1.9179102616724886,5.1088036554268895e-9
1.1125314760964868,1.9179102616724886,5.237628118633793e-9
1.1945028172479306,1.9179102616724886,5.1149273883399345e-9
1.2825138084358318,1.9179102616724886,5.075387364751523e-9
1.3770094511942694,1.9179102616724886,5.0824469969863286e-9
1.4784675347791496,1.9179102616724886,5.188898239579578e-9
1.5874010519681994,1.9179102616724886,5.334941587075218e-9
1.7043607928571491,1.9179102616724886,5.18008114420115e-9
1.8299381297668706,1.9179102616724886,5.445288892736905e-9
1.9647680073425282,1.9179102616724886,5.392991503113286e-9
2.1095321529632933,1.9179102616724886,5.35643380697529e-9
2.2649625236951114,1.9179102616724886,5.362099079696521e-9
2.4318450072150157,1.9179102616724886,5.406589132436254e-9
2.611023395419619,1.9179102616724886,5.519270790793897e-9
2.8034036508091575,1.9179102616724886,5.221417442024636e-9
3.009958487218793,1.9179102616724886,5.360350978062203e-9
3.231732288058291,1.9179102616724886,5.5308911678085774e-9
3.4698463869276943,1.9179102616724886,5.3091360025222806e-9
3.7255047373088623,1.9179102616724886,5.525877822905427e-9
4.0,1.9179102616724886,5.342669529401375e-9
0.25,2.0092330025650473,NaN
0.2684200049420297,2.0092330025650473,NaN
0.28819719621231704,2.0092330025650473,NaN
0.309431571326357,2.0092330025650473,NaN
0.3322304956185631,2.0092330025650473,1.905494127929169
0.35670924510331076,2.0092330025650473,1.16547599627459
0.38299158933399347,2.0092330025650473,0.8861752578953295
0.41121041720714535,2.0092330025650473,NaN
0.44150840887582427,2.0092330025650473,5.081404986479935e-9
0.47403875716958577,2.0092330025650473,4.791292226995974e-9
0.5089659421686953,2.0092330025650473,4.8808060974737865e-9
0.5464665628489841,2.0092330025650473,4.697453828564117e-9
0.5867302300023132,2.0092330025650473,4.716856513230427e-9
0.6299605249474366,2.0092330025650473,4.807309081368509e-9
0.6763760288786983,2.0092330025650473,4.7397883982572e-9
0.7262114280571625,2.0092330025650473,4.972478251708271e-9
0.7797187004322481,2.0092330025650473,4.80087165713313e-9
0.8371683896936681,2.0092330025650473,4.788561306588214e-9
0.8988509731955419,2.0092330025650473,4.9283080560959134e-9
0.9650783306691824,2.0092330025650473,4.860125949838127e-9
1.0361853211506709,2.0092330025650473,4.904673514482755e-9
1.1125314760964868,2.0092330025650473,5.050820253680608e-9
1.1945028172479306,2.0092330025650473,5.297885817885573e-9
1.2825138084358318,2.0092330025650473,5.263500432110319e-9
1.3770094511942694,2.0092330025650473,5.27694918558093e-9
1.4784675347791496,2.0092330025650473,5.017962559957032e-9
1.5874010519681994,2.0092330025650473,5.160661493742114e-9
1.7043607928571491,2.0092330025650473,5.398579079671397e-9
1.8299381297668706,2.0092330025650473,5.2761026940997216e-9
1.9647680073425282,2.0092330025650473,5.203262299087039e-9
2.1095321529632933,2.0092330025650473,5.203532739406354e-9
2.2649625236951114,2.0092330025650473,5.213955456657773e-9
2.4318450072150157,2.0092330025650473,5.260846856162085e-9
2.611023395419619,2.0092330025650473,5.372479340086837e-9
2.8034036508091575,2.0092330025650473,5.4871690022392316e-9
3.009958487218793,2.0092330025650473,5.23043712082315e-9
3.231732288058291,2.0092330025650473,5.39573587019653e-9
3.4698463869276943,2.0092330025650473,5.188949870440126e-9
3.7255047373088623,2.0092330025650473,5.3976369193903475e-9
4.0,2.0092330025650473,5.229047134412077e-9
0.25,2.1049041445120205,NaN
0.2684200049420297,2.1049041445120205,NaN
0.28819719621231704,2.1049041445120205,NaN
0.309431571326357,2.1049041445120205,NaN
0.3322304956185631,2.1049041445120205,2.115767682126432
0.35670924510331076,2.1049041445120205,1.2431272460101765
0.38299158933399347,2.1049041445120205,0.9304672563021528
0.41121041720714535,2.1049041445120205,0.7808162889448492
0.44150840887582427,2.1049041445120205,NaN
0.47403875716958577,2.1049041445120205,4.917398366331676e-9
0.5089659421686953,2.1049041445120205,4.886296202137253e-9
0.5464665628489841,2.1049041445120205,4.8363941934840065e-9
0.5867302300023132,2.1049041445120205,4.764966938540242e-9
0.6299605249474366,2.1049041445120205,4.940021885269399e-9
0.6763760288786983,2.1049041445120205,4.721276287138241e-9
0.7262114280571625,2.1049041445120205,4.846390267538249e-9
0.7797187004322481,2.1049041445120205,4.93059365534198e-9
0.8371683896936681,2.1049041445120205,4.90020928762759e-9
0.8988509731955419,2.1049041445120205,5.00979713155268e-9
0.9650783306691824,2.1049041445120205,4.924981940963516e-9
1.0361853211506709,2.1049041445120205,4.956521206776178e-9
1.1125314760964868,2.1049041445120205,5.092921756647509e-9
1.1945028172479306,2.1049041445120205,4.976593131104251e-9
1.2825138084358318,2.1049041445120205,5.296444182320113e-9
1.3770094511942694,2.1049041445120205,5.309841246203493e-9
1.4784675347791496,2.1049041445120205,5.057705427811544e-9
1.5874010519681994,2.1049041445120205,5.229057061392361e-9
1.7043607928571491,2.1049041445120205,5.066108661393976e-9
1.8299381297668706,2.1049041445120205,5.3202619289925884e-9
1.9647680073425282,2.1049041445120205,5.281648059342011e-9
2.1095321529632933,2.1049041445120205,5.256550700607484e-9
2.2649625236951114,2.1049041445120205,5.270343474090259e-9
2.4318450072150157,2.1049041445120205,5.349795306546326e-9
2.611023395419619,2.1049041445120205,5.433453332189525e-9
2.8034036508091575,2.1049041445120205,5.163460551753177e-9
3.009958487218793,2.1049041445120205,5.299945639797417e-9
3.231732288058291,2.1049041445120205,5.496310136086075e-9
3.4698463869276943,2.1049041445120205,5.294148800686509e-9
3.7255047373088623,2.1049041445120205,5.503264391689795e-9
4.0,2.1049041445120205,5.338389963561412e-9
0.25,2.2051307399030455,NaN
0.2684200049420297,2.2051307399030455,NaN
0.28819719621231704,2.2051307399030455,NaN
0.309431571326357,2.2051307399030455,NaN
0.3322304956185631,2.2051307399030455,2.370964728843595
0.35670924510331076,2.2051307399030455,1.3288494404841211
0.38299158933399347,2.2051307399030455,0.9772984270370918
0.41121041720714535,2.2051307399030455,0.8130196819807562
0.44150840887582427,2.2051307399030455,NaN
0.47403875716958577,2.2051307399030455,4.796037036598064e-9
0.5089659421686953,2.2051307399030455,4.85245907116122e-9
0.5464665628489841,2.2051307399030455,4.742764248935941e-9
0.5867302300023132,2.2051307399030455,4.880207734846156e-9
0.6299605249474366,2.2051307399030455,4.681659204294719e-9
0.6763760288786983,2.2051307399030455,4.821943222417655e-9
0.7262114280571625,2.2051307399030455,4.813878658284388e-9
0.7797187004322481,2.2051307399030455,4.7884112806936575e-9
0.8371683896936681,2.2051307399030455,4.999615626125123e-9
0.8988509731955419,2.2051307399030455,5.081211297479694e-9
0.9650783306691824,2.2051307399030455,4.9588515268957385e-9
1.0361853211506709,2.2051307399030455,4.962171192122296e-9
1.1125314760964868,2.2051307399030455,5.1021910784385775e-9
1.1945028172479306,2.2051307399030455,4.947251799414369e-9
1.2825138084358318,2.2051307399030455,5.246127457574405e-9
1.3770094511942694,2.2051307399030455,5.279391791077649e-9
1.4784675347791496,2.2051307399030455,5.029756754375283e-9
1.5874010519681994,2.2051307399030455,5.16389126387744e-9
1.7043607928571491,2.2051307399030455,5.031969333089599e-9
1.8299381297668706,2.2051307399030455,5.27591102966882e-9
1.9647680073425282,2.2051307399030455,5.238018438164444e-9
2.1095321529632933,2.2051307399030455,5.213327690565168e-9
2.2649625236951114,2.2051307399030455,5.226565556906801e-9
2.4318450072150157,2.2051307399030455,5.303821903381283e-9
2.611023395419619,2.2051307399030455,5.384869312145683e-9
2.8034036508091575,2.2051307399030455,5.497139280406607e-9
3.009958487218793,2.2051307399030455,5.257271790132988e-9
3.231732288058291,2.2051307399030455,5.417440006507087e-9
3.4698463869276943,2.2051307399030455,5.253366517326307e-9
3.7255047373088623,2.2051307399030455,5.455556250973943e-9
4.0,2.2051307399030455,5.297219881637563e-9
0.25,2.3101297000831598,NaN
0.2684200049420297,2.3101297000831598,NaN
0.28819719621231704,2.3101297000831598,NaN
0.309431571326357,2.3101297000831598,NaN
0.3322304956185631,2.3101297000831598,2.6883010863904926
0.35670924510331076,2.3101297000831598,1.424266724486285
0.38299158933399347,2.3101297000831598,1.0270852956951246
0.41121041720714535,2.3101297000831598,0.8462291242896016
0.44150840887582427,2.3101297000831598,0.7502826091883135
0.47403875716958577,2.3101297000831598,NaN
0.5089659421686953,2.3101297000831598,4.685558084285282e-9
0.5464665628489841,2.3101297000831598,4.750034662641002e-9
0.5867302300023132,2.3101297000831598,4.759823391011506e-9
0.6299605249474366,2.3101297000831598,4.71299469984969e-9
0.6763760288786983,2.3101297000831598,4.760915785429248e-9
0.7262114280571625,2.3101297000831598,4.798187497684766e-9
0.7797187004322481,2.3101297000831598,4.891568844208442e-9
0.8371683896936681,2.3101297000831598,4.994148472189128e-9
0.8988509731955419,2.3101297000831598,4.976179981094409e-9
0.9650783306691824,2.3101297000831598,5.107256739111862e-9
1.0361853211506709,2.3101297000831598,5.082959490202463e-9
1.1125314760964868,2.3101297000831598,5.15323634301337e-9
1.1945028172479306,2.3101297000831598,4.994621569040697e-9
1.2825138084358318,2.3101297000831598,4.926434404956874e-9
1.3770094511942694,2.3101297000831598,5.2737540336203035e-9
1.4784675347791496,2.3101297000831598,4.987430435055886e-9
1.5874010519681994,2.3101297000831598,5.131063959071797e-9
1.7043607928571491,2.3101297000831598,5.339064793628299e-9
1.8299381297668706,2.3101297000831598,5.219218326945725e-9
1.9647680073425282,2.3101297000831598,5.175434655095606e-9
2.1095321529632933,2.3101297000831598,5.1453780313606434e-9
2.2649625236951114,2.3101297000831598,5.152841091349336e-9
2.4318450072150157,2.3101297000831598,5.2228811042622185e-9
2.611023395419619,2.3101297000831598,5.296708419667104e-9
2.8034036508091575,2.3101297000831598,5.400813365326986e-9
3.009958487218793,2.3101297000831598,5.168668075928744e-9
3.231732288058291,2.3101297000831598,5.348638022108211e-9
3.4698463869276943,2.3101297000831598,5.161033556138227e-9
3.7255047373088623,2.3101297000831598,5.352346225733602e-9
4.0,2.3101297000831598,5.199707815161037e-9
0.25,2.420128264794382,NaN
0.2684200049420297,2.420128264794382,NaN
0.28819719621231704,2.420128264794382,NaN
0.309431571326357,2.420128264794382,NaN
0.3322304956185631,2.420128264794382,3.0952508199818416
0.35670924510331076,2.420128264794382,1.5314378089358822
0.38299158933399347,2.420128264794382,1.0803151124508021
0.41121041720714535,2.420128264794382,0.8806341421045738
0.44150840887582427,2.420128264794382,0.776241633912181
0.47403875716958577,2.420128264794382,0.7169943799250945
0.5089659421686953,2.420128264794382,NaN
0.5464665628489841,2.420128264794382,NaN
0.5867302300023132,2.420128264794382,4.733680885996601e-9
0.6299605249474366,2.420128264794382,4.666066796145997e-9
0.6763760288786983,2.420128264794382,4.876895575270917e-9
0.7262114280571625,2.420128264794382,4.6425995234568134e-9
0.7797187004322481,2.420128264794382,4.69907785729779e-9
0.8371683896936681,2.420128264794382,4.861729080901009e-9
0.8988509731955419,2.420128264794382,4.960978197692558e-9
0.9650783306691824,2.420128264794382,4.972404024612138e-9
1.0361853211506709,2.420128264794382,4.842968926228037e-9
1.1125314760964868,2.420128264794382,5.142862902556993e-9
1.1945028172479306,2.420128264794382,4.947866719707278e-9
1.2825138084358318,2.420128264794382,5.150763587784347e-9
1.3770094511942694,2.420128264794382,5.116038004570312e-9
1.4784675347791496,2.420128264794382,5.159023633493126e-9
1.5874010519681994,2.420128264794382,5.24474515459581e-9
1.7043607928571491,2.420128264794382,5.081567997717117e-9
1.8299381297668706,2.420128264794382,5.311864918863865e-9
1.9647680073425282,2.420128264794382,5.2215939941718475e-9
2.1095321529632933,2.420128264794382,5.203700364451495e-9
2.2649625236951114,2.420128264794382,5.197080300539415e-9
2.4318450072150157,2.420128264794382,5.254031761061129e-9
2.611023395419619,2.420128264794382,5.315599973500534e-9
2.8034036508091575,2.420128264794382,5.407768195440328e-9
3.009958487218793,2.420128264794382,5.201343568898606e-9
3.231732288058291,2.420128264794382,5.341777741206362e-9
3.4698463869276943,2.420128264794382,5.1531768622291705e-9
3.7255047373088623,2.420128264794382,5.333453165417777e-9
4.0,2.420128264794382,5.180593508214671e-9
0.25,2.535364493970112,NaN
0.2684200049420297,2.535364493970112,NaN
0.28819719621231704,2.535364493970112,NaN
0.309431571326357,2.535364493970112,NaN
0.3322304956185631,2.535364493970112,3.638734424985449
0.35670924510331076,2.535364493970112,1.6530155917927614
0.38299158933399347,2.535364493970112,1.1375629012415713
0.41121041720714535,2.535364493970112,0.9164480421747436
0.44150840887582427,2.535364493970112,0.8025935299987141
0.47403875716958577,2.535364493970112,0.738595734632238
0.5089659421686953,2.535364493970112,0.7010229179526584
0.5464665628489841,2.535364493970112,NaN
0.5867302300023132,2.535364493970112,NaN
0.6299605249474366,2.535364493970112,4.781426108537123e-9
0.6763760288786983,2.535364493970112,4.6008638199676624e-9
0.7262114280571625,2.535364493970112,4.6719029456085e-9
0.7797187004322481,2.535364493970112,4.7879784803931115e-9
0.8371683896936681,2.535364493970112,4.865963668641633e-9
0.8988509731955419,2.535364493970112,4.8496869433761865e-9
0.9650783306691824,2.535364493970112,4.8577643041848015e-9
1.0361853211506709,2.535364493970112,4.816618863767193e-9
1.1125314760964868,2.535364493970112,4.942378537754016e-9
1.1945028172479306,2.535364493970112,4.916685187782646e-9
1.2825138084358318,2.535364493970112,4.992199086999546e-9
1.3770094511942694,2.535364493970112,4.888189168844454e-9
1.4784675347791496,2.535364493970112,5.1659722148728555e-9
1.5874010519681994,2.535364493970112,5.206474037766335e-9
1.7043607928571491,2.535364493970112,4.991194475991239e-9
1.8299381297668706,2.535364493970112,5.134307964205468e-9
1.9647680073425282,2.535364493970112,5.033554727322903e-9
2.1095321529632933,2.535364493970112,5.311611363319305e-9
2.2649625236951114,2.535364493970112,5.272539234805176e-9
2.4318450072150157,2.535364493970112,5.300809577050176e-9
2.611023395419619,2.535364493970112,5.336376669962837e-9
2.8034036508091575,2.535364493970112,5.065617669658996e-9
3.009958487218793,2.535364493970112,5.184922690954704e-9
3.231732288058291,2.535364493970112,5.304482152306743e-9
3.4698463869276943,2.535364493970112,5.1076713379184585e-9
3.7255047373088623,2.535364493970112,5.2969115580614054e-9
4.0,2.535364493970112,5.1377872074900686e-9
0.25,2.6560877829466865,NaN
0.2684200049420297,2.6560877829466865,NaN
0.28819719621231704,2.6560877829466865,NaN
0.309431571326357,2.6560877829466865,NaN
0.3322304956185631,2.6560877829466865,4.300798355456106
0.35670924510331076,2.6560877829466865,1.7757986251761726
0.38299158933399347,2.6560877829466865,1.1928883494235782
0.41121041720714535,2.6560877829466865,0.9504250056060628
0.44150840887582427,2.6560877829466865,0.8273499522796077
0.47403875716958577,2.6560877829466865,0.7587655734621723
0.5089659421686953,2.6560877829466865,0.7187779214734131
0.5464665628489841,2.6560877829466865,0.6950745968147632
0.5867302300023132,2.6560877829466865,NaN
0.6299605249474366,2.6560877829466865,NaN
0.6763760288786983,2.6560877829466865,NaN
0.7262114280571625,2.6560877829466865,NaN
0.7797187004322481,2.6560877829466865,4.648719551309817e-9
0.8371683896936681,2.6560877829466865,4.867881454143304e-9
0.8988509731955419,2.6560877829466865,4.8956890736836175e-9
0.9650783306691824,2.6560877829466865,4.889714283702675e-9
1.0361853211506709,2.6560877829466865,4.981159639592431e-9
1.1125314760964868,2.6560877829466865,4.8966375467406646e-9
1.1945028172479306,2.6560877829466865,4.791939180944068e-9
1.2825138084358318,2.6560877829466865,4.881487258088445e-9
1.3770094511942694,2.6560877829466865,4.8420804891614165e-9
1.4784675347791496,2.6560877829466865,4.938680852326494e-9
1.5874010519681994,2.6560877829466865,5.127555595106495e-9
1.7043607928571491,2.6560877829466865,5.126069306311788e-9
1.8299381297668706,2.6560877829466865,5.1809557240856955e-9
1.9647680073425282,2.6560877829466865,4.987537830370654e-9
2.1095321529632933,2.6560877829466865,5.17311982443871e-9
2.2649625236951114,2.6560877829466865,5.065810798808117e-9
2.4318450072150157,2.6560877829466865,5.032467316751124e-9
2.611023395419619,2.6560877829466865,5.039846420681854e-9
2.8034036508091575,2.6560877829466865,5.05681939699043e-9
3.009958487218793,2.6560877829466865,5.106258081250346e-9
3.231732288058291,2.6560877829466865,5.21293290700781e-9
3.4698463869276943,2.6560877829466865,4.9942210752413635e-9
3.7255047373088623,2.6560877829466865,5.147646565295289e-9
4.0,2.6560877829466865,5.299469442306674e-9
0.25,2.7825594022071245,NaN
0.2684200049420297,2.7825594022071245,NaN
0.28819719621231704,2.7825594022071245,NaN
0.309431571326357,2.7825594022071245,NaN
0.3322304956185631,2.7825594022071245,NaN
0.35670924510331076,2.7825594022071245,1.934756781312095
0.38299158933399347,2.7825594022071245,1.2595644461130635
0.41121041720714535,2.7825594022071245,0.9894803567837209
0.44150840887582427,2.7825594022071245,0.8546840822127061
0.47403875716958577,2.7825594022071245,0.7802539661038842
0.5089659421686953,2.7825594022071245,0.7371188609632967
0.5464665628489841,2.7825594022071245,0.7116838325161774
0.5867302300023132,2.7825594022071245,0.696793396135807
0.6299605249474366,2.7825594022071245,0.6883761880473918
0.6763760288786983,2.7825594022071245,0.683991752845196
0.7262114280571625,2.7825594022071245,NaN
0.7797187004322481,2.7825594022071245,NaN
0.8371683896936681,2.7825594022071245,NaN
0.8988509731955419,2.7825594022071245,NaN
0.9650783306691824,2.7825594022071245,NaN
1.0361853211506709,2.7825594022071245,NaN
1.1125314760964868,2.7825594022071245,NaN
1.1945028172479306,2.7825594022071245,4.954494020804484e-9
1.2825138084358318,2.7825594022071245,4.931175076944901e-9
1.3770094511942694,2.7825594022071245,4.908314814019863e-9
1.4784675347791496,2.7825594022071245,4.977695052438469e-9
1.5874010519681994,2.7825594022071245,5.089501043483946e-9
1.7043607928571491,2.7825594022071245,4.969699008754907e-9
1.8299381297668706,2.7825594022071245,5.0717214871565085e-9
1.9647680073425282,2.7825594022071245,5.0921517547112764e-9
2.1095321529632933,2.7825594022071245,4.930813521500515e-9
2.2649625236951114,2.7825594022071245,5.172083689823195e-9
2.4318450072150157,2.7825594022071245,4.9173566437097595e-9
2.611023395419619,2.7825594022071245,5.025296797673352e-9
2.8034036508091575,2.7825594022071245,5.205289243632165e-9
3.009958487218793,2.7825594022071245,5.127597428635291e-9
3.231732288058291,2.7825594022071245,5.100531573520702e-9
3.4698463869276943,2.7825594022071245,5.090049658582314e-9
3.7255047373088623,2.7825594022071245,5.1438339858062975e-9
4.0,2.7825594022071245,5.204646097188526e-9
0.25,2.9150530628251765,NaN
0.2684200049420297,2.9150530628251765,NaN
0.28819719621231704,2.9150530628251765,NaN
0.309431571326357,2.9150530628251765,NaN
0.3322304956185631,2.9150530628251765,NaN
0.35670924510331076,2.9150530628251765,2.1218358409942724
0.38299158933399347,2.9150530628251765,1.3326313036242774
0.41121041720714535,2.9150530628251765,1.0307398350099208
0.44150840887582427,2.9150530628251765,0.8827970376986483
0.47403875716958577,2.9150530628251765,0.8018644239827837
0.5089659421686953,2.9150530628251765,0.7552122142032545
0.5464665628489841,2.9150530628251765,0.7278042996312719
0.5867302300023132,2.9150530628251765,0.7118143786580908
0.6299605249474366,2.9150530628251765,0.7028186607483207
0.6763760288786983,2.9150530628251765,0.698175802805161
0.7262114280571625,2.9150530628251765,0.6962498506814894
0.7797187004322481,2.9150530628251765,0.6960031499637439
0.8371683896936681,2.9150530628251765,0.696768631196974
0.8988509731955419,2.9150530628251765,0.6981139243996519
0.9650783306691824,2.9150530628251765,0.699758892981962
1.0361853211506709,2.9150530628251765,0.7015234293569481
1.1125314760964868,2.9150530628251765,0.7032940115605749
1.1945028172479306,2.9150530628251765,0.705001145973359
1.2825138084358318,2.9150530628251765,NaN
1.3770094511942694,2.9150530628251765,NaN
1.4784675347791496,2.9150530628251765,NaN
1.5874010519681994,2.9150530628251765,NaN
1.7043607928571491,2.9150530628251765,NaN
1.8299381297668706,2.9150530628251765,NaN
1.9647680073425282,2.9150530628251765,NaN
2.1095321529632933,2.9150530628251765,NaN
2.2649625236951114,2.9150530628251765,NaN
2.4318450072150157,2.9150530628251765,NaN
2.611023395419619,2.9150530628251765,NaN
2.8034036508091575,2.9150530628251765,NaN
3.009958487218793,2.9150530628251765,NaN
3.231732288058291,2.9150530628251765,NaN
3.4698463869276943,2.9150530628251765,NaN
3.7255047373088623,2.9150530628251765,NaN
4.0,2.9150530628251765,NaN
0.25,3.0538555088334154,NaN
0.2684200049420297,3.0538555088334154,NaN
0.28819719621231704,3.0538555088334154,NaN
0.309431571326357,3.0538555088334154,NaN
0.3322304956185631,3.0538555088334154,NaN
0.35670924510331076,3.0538555088334154,2.31771444140211
0.38299158933399347,3.0538555088334154,1.4040353432547021
0.41121041720714535,3.0538555088334154,1.070022387464359
0.44150840887582427,3.0538555088334154,0.909197607667422
0.47403875716958577,3.0538555088334154,0.8219804542935061
0.5089659421686953,3.0538555088334154,0.7719449825162961
0.5464665628489841,3.0538555088334154,0.742633931364125
0.5867302300023132,3.0538555088334154,0.7255699225393899
0.6299605249474366,3.0538555088334154,0.7159917646835414
0.6763760288786983,3.0538555088334154,0.7110672043012771
0.7262114280571625,3.0538555088334154,0.7090450451126886
0.7797187004322481,3.0538555088334154,0.7088159554787365
0.8371683896936681,3.0538555088334154,0.7096663260721164
0.8988509731955419,3.0538555088334154,0.711134108955155
0.9650783306691824,3.0538555088334154,0.712919947899729
1.0361853211506709,3.0538555088334154,0.7148319802215157
1.1125314760964868,3.0538555088334154,0.7167495248028743
1.1945028172479306,3.0538555088334154,0.7185993592520193
1.2825138084358318,3.0538555088334154,0.7203403229537785
1.3770094511942694,3.0538555088334154,0.7219517251763738
1.4784675347791496,3.0538555088334154,0.72342639645696
1.5874010519681994,3.0538555088334154,0.724764855187841
1.7043607928571491,3.0538555088334154,0.7259725665443205
1.8299381297668706,3.0538555088334154,0.7270572589389213
1.9647680073425282,3.0538555088334154,0.7280277314865946
2.1095321529632933,3.0538555088334154,0.7288931272858973
2.2649625236951114,3.0538555088334154,0.7296625166455026
2.4318450072150157,3.0538555088334154,0.730344494803668
2.611023395419619,3.0538555088334154,0.7309477895996443
2.8034036508091575,3.0538555088334154,0.7314796714644218
3.009958487218793,3.0538555088334154,0.7319474482454514
3.231732288058291,3.0538555088334154,0.7323576929403838
3.4698463869276943,3.0538555088334154,0.7327164628560705
3.7255047373088623,3.0538555088334154,0.7330291560661227
4.0,3.0538555088334154,0.733301155840312
0.25,3.1992671377973836,NaN
0.2684200049420297,3.1992671377973836,NaN
0.28819719621231704,3.1992671377973836,NaN
0.309431571326357,3.1992671377973836,NaN
0.3322304956185631,3.1992671377973836,NaN
0.35670924510331076,3.1992671377973836,2.584580524036441
0.38299158933399347,3.1992671377973836,1.4924893528179708
0.41121041720714535,3.1992671377973836,1.1163612054359622
0.44150840887582427,3.1992671377973836,0.9391471930488793
0.47403875716958577,3.1992671377973836,0.8440042382200299
0.5089659421686953,3.1992671377973836,0.789678437028818
0.5464665628489841,3.1992671377973836,0.7579057185759388
0.5867302300023132,3.1992671377973836,0.7393960904284507
0.6299605249474366,3.1992671377973836,0.728973594842119
0.6763760288786983,3.1992671377973836,0.7235735789411875
0.7262114280571625,3.1992671377973836,0.7213064478388064
0.7797187004322481,3.1992671377973836,0.7209761655684621
0.8371683896936681,3.1992671377973836,0.7218142694040228
0.8988509731955419,3.1992671377973836,0.7233227569481924
0.9650783306691824,3.1992671377973836,0.7251800060287166
1.0361853211506709,3.1992671377973836,0.7271793418195394
1.1125314760964868,3.1992671377973836,0.7291915983361423
1.1945028172479306,3.1992671377973836,0.7311380915760979
1.2825138084358318,3.1992671377973836,0.7329746624206452
1.3770094511942694,3.1992671377973836,0.7346787434082582
1.4784675347791496,3.1992671377973836,0.7362418833783206
1.5874010519681994,3.1992671377973836,0.7376643467183369
1.7043607928571491,3.1992671377973836,0.7389511311810446
1.8299381297668706,3.1992671377973836,0.7401096185805927
1.9647680073425282,3.1992671377973836,0.7411486262020917
2.1095321529632933,3.1992671377973836,0.7420776520037307
2.2649625236951114,3.1992671377973836,0.7429058941048545
2.4318450072150157,3.1992671377973836,0.7436424425411007
2.611023395419619,3.1992671377973836,0.7442955526087538
2.8034036508091575,3.1992671377973836,0.7448731602769347
3.009958487218793,3.1992671377973836,0.7453828684881039
3.231732288058291,3.1992671377973836,0.7458314157086772
3.4698463869276943,3.1992671377973836,0.7462251086235968
3.7255047373088623,3.1992671377973836,0.7465698892931312
4.0,3.1992671377973836,0.7468708628392863
0.25,3.3516026509388426,NaN
0.2684200049420297,3.3516026509388426,NaN
0.28819719621231704,3.3516026509388426,NaN
0.309431571326357,3.3516026509388426,NaN
0.3322304956185631,3.3516026509388426,NaN
0.35670924510331076,3.3516026509388426,2.8751437178123016
0.38299158933399347,3.3516026509388426,1.57987471160857
0.41121041720714535,3.3516026509388426,1.1606749539586154
0.44150840887582427,3.3516026509388426,0.9673147914164715
0.47403875716958577,3.3516026509388426,0.8644962465390303
0.5089659421686953,3.3516026509388426,0.8060454013606653
0.5464665628489841,3.3516026509388426,0.7719062207546337
0.5867302300023132,3.3516026509388426,0.7519975679038537
0.6299605249474366,3.3516026509388426,0.7407448257310836
0.6763760288786983,3.3516026509388426,0.7348622162365982
0.7262114280571625,3.3516026509388426,0.7323294752159017
0.7797187004322481,3.3516026509388426,0.7318696297060114
0.8371683896936681,3.3516026509388426,0.7326626563683103
0.8988509731955419,3.3516026509388426,0.7341779879266692
0.9650783306691824,3.3516026509388426,0.7360725184876838
1.0361853211506709,3.3516026509388426,0.7381266331259775
1.1125314760964868,3.3516026509388426,0.7402027190863232
1.1945028172479306,3.3516026509388426,0.7422173614428849
1.2825138084358318,3.3516026509388426,0.744123112452248
1.3770094511942694,3.3516026509388426,0.745895518492033
1.4784675347791496,3.3516026509388426,0.7475249850276504
1.5874010519681994,3.3516026509388426,0.7490106939883427
1.7043607928571491,3.3516026509388426,0.7503572494073346
1.8299381297668706,3.3516026509388426,0.7515719319271381
1.9647680073425282,3.3516026509388426,0.7526635269178722
2.1095321529632933,3.3516026509388426,0.7536413854126123
2.2649625236951114,3.3516026509388426,0.7545149688554463
2.4318450072150157,3.3516026509388426,0.7552932119957552
2.611023395419619,3.3516026509388426,0.7559848242843413
2.8034036508091575,3.3516026509388426,0.7565979198814317
3.009958487218793,3.3516026509388426,0.7571400697596529
3.231732288058291,3.3516026509388426,0.757618307755701
3.4698463869276943,3.3516026509388426,0.7580391428702207
3.7255047373088623,3.3516026509388426,0.7584085896183721
4.0,3.3516026509388426,0.7587321626601209
0.25,3.511191734215131,NaN
0.2684200049420297,3.511191734215131,NaN
0.28819719621231704,3.511191734215131,NaN
0.309431571326357,3.511191734215131,NaN
0.3322304956185631,3.511191734215131,NaN
0.35670924510331076,3.511191734215131,3.2919823080390813
0.38299158933399347,3.511191734215131,1.6902021940731229
0.41121041720714535,3.511191734215131,1.2138048962634593
0.44150840887582427,3.511191734215131,0.999833184039408
0.47403875716958577,3.511191734215131,0.887361582906368
0.5089659421686953,3.511191734215131,0.823731894668017
0.5464665628489841,3.511191734215131,0.7865953113231188
0.5867302300023132,3.511191734215131,0.764878672420239
0.6299605249474366,3.511191734215131,0.7525147388295617
0.6763760288786983,3.511191734215131,0.7459479428374725
0.7262114280571625,3.511191734215131,0.742999427746901
0.7797187004322481,3.511191734215131,0.7422948567754595
0.8371683896936681,3.511191734215131,0.7429522911938661
0.8988509731955419,3.511191734215131,0.7444014380423922
0.9650783306691824,3.511191734215131,0.7462736753903256
1.0361853211506709,3.511191734215131,0.748333040964924
1.1125314760964868,3.511191734215131,0.7504312628184009
1.1945028172479306,3.511191734215131,0.7524782170082842
1.2825138084358318,3.511191734215131,0.7544219756496588
1.3770094511942694,3.511191734215131,0.7562352995228676
1.4784675347791496,3.511191734215131,0.7579065974887658
1.5874010519681994,3.511191734215131,0.7594337135082176
1.7043607928571491,3.511191734215131,0.760820311649734
1.8299381297668706,3.511191734215131,0.7620732361763599
1.9647680073425282,3.511191734215131,0.7632010062875312
2.1095321529632933,3.511191734215131,0.7642128413870339
2.2649625236951114,3.511191734215131,0.7651180745335466
2.4318450072150157,3.511191734215131,0.7659258082421772
2.611023395419619,3.511191734215131,0.76664473520506
2.8034036508091575,3.511191734215131,0.7672830565297108
3.009958487218793,3.511191734215131,0.7678484478679943
3.231732288058291,3.511191734215131,0.7683480571319443
3.4698463869276943,3.511191734215131,0.7687885096626107
3.7255047373088623,3.511191734215131,0.7691759186677611
4.0,3.511191734215131,0.7695158398105779
0.25,3.6783797718286335,NaN
0.2684200049420297,3.6783797718286335,NaN
0.28819719621231704,3.6783797718286335,NaN
0.309431571326357,3.6783797718286335,NaN
0.3322304956185631,3.6783797718286335,NaN
0.35670924510331076,3.6783797718286335,NaN
0.38299158933399347,3.6783797718286335,1.8007833919915472
0.41121041720714535,3.6783797718286335,1.2649242485938919
0.44150840887582427,3.6783797718286335,1.0305069983232418
0.47403875716958577,3.6783797718286335,0.9086595518938907
0.5089659421686953,3.6783797718286335,0.840048655390103
0.5464665628489841,3.6783797718286335,0.8000371310209287
0.5867302300023132,3.6783797718286335,0.7765813838128814
0.6299605249474366,3.6783797718286335,0.7631392070405598
0.6763760288786983,3.6783797718286335,0.7558977005273311
0.7262114280571625,3.6783797718286335,0.7525281766494222
0.7797187004322481,3.6783797718286335,0.7515646685854418
0.8371683896936681,3.6783797718286335,0.7520674989840499
0.8988509731955419,3.6783797718286335,0.7534293815880551
0.9650783306691824,3.6783797718286335,0.7552578783650229
1.0361853211506709,3.6783797718286335,0.7573015560728619
1.1125314760964868,3.6783797718286335,0.7594021363568683
1.1945028172479306,3.6783797718286335,0.7614629900200278
1.2825138084358318,3.6783797718286335,0.7634277728102608
1.3770094511942694,3.6783797718286335,0.7652662457933199
1.4784675347791496,3.6783797718286335,0.7669647030592395
1.5874010519681994,3.6783797718286335,0.7685196898984665
1.7043607928571491,3.6783797718286335,0.7699339235345366
1.8299381297668706,3.6783797718286335,0.7712136840319599
1.9647680073425282,3.6783797718286335,0.7723671466828747
2.1095321529632933,3.6783797718286335,0.7734033336837997
2.2649625236951114,3.6783797718286335,0.7743314732790714
2.4318450072150157,3.6783797718286335,0.7751606312211874
2.611023395419619,3.6783797718286335,0.7758995077053765
2.8034036508091575,3.6783797718286335,0.7765563409900467
3.009958487218793,3.6783797718286335,0.7771388550636613
3.231732288058291,3.6783797718286335,0.777654258375245
3.4698463869276943,3.6783797718286335,0.7781092359792942
3.7255047373088623,3.6783797718286335,0.7785099630073644
4.0,3.6783797718286335,0.7788621206438124
0.25,3.8535285937105295,NaN
0.2684200049420297,3.8535285937105295,NaN
0.28819719621231704,3.8535285937105295,NaN
0.309431571326357,3.8535285937105295,NaN
0.3322304956185631,3.8535285937105295,NaN
0.35670924510331076,3.8535285937105295,NaN
0.38299158933399347,3.8535285937105295,1.925944745135527
0.41121041720714535,3.8535285937105295,1.32000750505149
0.44150840887582427,3.8535285937105295,1.0626366396867177
0.47403875716958577,3.8535285937105295,0.9304750854282933
0.5089659421686953,3.8535285937105295,0.8564287828957733
0.5464665628489841,3.8535285937105295,0.8132812910488605
0.5867302300023132,3.8535285937105295,0.7879170468292467
0.6299605249474366,3.8535285937105295,0.7732766963815252
0.6763760288786983,3.8535285937105295,0.7652702386782522
0.7262114280571625,3.8535285937105295,0.7614088244410044
0.7797187004322481,3.8535285937105295,0.7601290943040055
0.8371683896936681,3.8535285937105295,0.7604301695831643
0.8988509731955419,3.8535285937105295,0.7616655032484925
0.9650783306691824,3.8535285937105295,0.7634171816378068
1.0361853211506709,3.8535285937105295,0.7654171114545258
1.1125314760964868,3.8535285937105295,0.7674960373973846
1.1945028172479306,3.8535285937105295,0.7695498919737376
1.2825138084358318,3.8535285937105295,0.7715173049084947
1.3770094511942694,3.8535285937105295,0.7733645468202407
1.4784675347791496,3.8535285937105295,0.7750755022398355
1.5874010519681994,3.8535285937105295,0.7766450777670824
1.7043607928571491,3.8535285937105295,0.7780749041386814
1.8299381297668706,3.8535285937105295,0.7793705522038394
1.9647680073425282,3.8535285937105295,0.780539736288786
2.1095321529632933,3.8535285937105295,0.7815911871777277
2.2649625236951114,3.8535285937105295,0.7825339537739224
2.4318450072150157,3.8535285937105295,0.7833769992153674
2.611023395419619,3.8535285937105295,0.7841289699263225
2.8034036508091575,3.8535285937105295,0.7847980788788466
3.009958487218793,3.8535285937105295,0.7853920510637551
3.231732288058291,3.8535285937105295,0.7859180993950778
3.4698463869276943,3.8535285937105295,0.786382927237885
3.7255047373088623,3.8535285937105295,0.7867927364778142
4.0,3.8535285937105295,0.7871532412832161
0.25,4.0370172585965545,NaN
0.2684200049420297,4.0370172585965545,NaN
0.28819719621231704,4.0370172585965545,NaN
0.309431571326357,4.0370172585965545,NaN
0.3322304956185631,4.0370172585965545,NaN
0.35670924510331076,4.0370172585965545,NaN
0.38299158933399347,4.0370172585965545,2.08913151436618
0.41121041720714535,4.0370172585965545,1.3875635316016834
0.44150840887582427,4.0370172585965545,1.1006322716207735
0.47403875716958577,4.0370172585965545,0.955497830542142
0.5089659421686953,4.0370172585965545,0.8746804075180534
0.5464665628489841,4.0370172585965545,0.8276310885208757
0.5867302300023132,4.0370172585965545,0.7998799621676576
0.6299605249474366,4.0370172585965545,0.7837246977498888
0.6763760288786983,4.0370172585965545,0.7747345854926313
0.7262114280571625,4.0370172585965545,0.7702255559794282
0.7797187004322481,4.0370172585965545,0.7685160373302774
0.8371683896936681,4.0370172585965545,0.7685308759590871
0.8988509731955419,4.0370172585965545,0.7695756826998894
0.9650783306691824,4.0370172585965545,0.7712012599946911
1.0361853211506709,4.0370172585965545,0.7731187764171042
1.1125314760964868,4.0370172585965545,0.7751450582025285
1.1945028172479306,4.0370172585965545,0.7771665403980978
1.2825138084358318,4.0370172585965545,0.7791153221600722
1.3770094511942694,4.0370172585965545,0.7809531447024445
1.4784675347791496,4.0370172585965545,0.7826607710448887
1.5874010519681994,4.0370172585965545,0.7842309830288354
1.7043607928571491,4.0370172585965545,0.7856639802307308
1.8299381297668706,4.0370172585965545,0.7869643748159915
1.9647680073425282,4.0370172585965545,0.7881392434024428
2.1095321529632933,4.0370172585965545,0.789196890979605
2.2649625236951114,4.0370172585965545,0.7901460830947354
2.4318450072150157,4.0370172585965545,0.7909955927915742
2.611023395419619,4.0370172585965545,0.7917539384834462
2.8034036508091575,4.0370172585965545,0.7924292441477135
3.009958487218793,4.0370172585965545,0.7930291725912186
3.231732288058291,4.0370172585965545,0.793560895776836
3.4698463869276943,4.0370172585965545,0.7940310912219923
3.7255047373088623,4.0370172585965545,0.7944459472536686
4.0,4.0370172585965545,0.7948111765775372
0.25,4.229242874389499,NaN
0.2684200049420297,4.229242874389499,NaN
0.28819719621231704,4.229242874389499,NaN
0.309431571326357,4.229242874389499,NaN
0.3322304956185631,4.229242874389499,NaN
0.35670924510331076,4.229242874389499,NaN
0.38299158933399347,4.229242874389499,2.257925151413942
0.41121041720714535,4.229242874389499,1.4534014274329174
0.44150840887582427,4.229242874389499,1.136737167013242
0.47403875716958577,4.229242874389499,0.9789168068439523
0.5089659421686953,4.229242874389499,0.8915693271676501
0.5464665628489841,4.229242874389499,0.8407809289634409
0.5867302300023132,4.229242874389499,0.8107455591913904
0.6299605249474366,4.229242874389499,0.793136808964128
0.6763760288786983,4.229242874389499,0.7831973110741828
0.7262114280571625,4.229242874389499,0.7780574346409912
0.7797187004322481,4.229242874389499,0.7759239706454248
0.8371683896936681,4.229242874389499,0.7756518675476783
0.8988509731955419,4.229242874389499,0.7765017631549894
0.9650783306691824,4.229242874389499,0.7779949543492382
1.0361853211506709,4.229242874389499,0.7798229257092782
1.1125314760964868,4.229242874389499,0.7817891566126249
1.1945028172479306,4.229242874389499,0.7837709223743943
1.2825138084358318,4.229242874389499,0.7856939461498773
1.3770094511942694,4.229242874389499,0.7875155343723717
1.4784675347791496,4.229242874389499,0.7892133892637488
1.5874010519681994,4.229242874389499,0.7907781955449809
1.7043607928571491,4.229242874389499,0.7922087293896986
1.8299381297668706,4.229242874389499,0.7935086389561449
1.9647680073425282,4.229242874389499,0.7946843498658618
2.1095321529632933,4.229242874389499,0.7957437216201368
2.2649625236951114,4.229242874389499,0.7966952194722233
2.4318450072150157,4.229242874389499,0.7975474049536908
2.611023395419619,4.229242874389499,0.7983086464419955
2.8034036508091575,4.229242874389499,0.7989869592153245
3.009958487218793,4.229242874389499,0.7995899253324892
3.231732288058291,4.229242874389499,0.8001246587027191
3.4698463869276943,4.229242874389499,0.8005977945500944
3.7255047373088623,4.229242874389499,0.8010154918064976
4.0,4.229242874389499,0.801383440343394
0.25,4.430621457583881,NaN
0.2684200049420297,4.430621457583881,NaN
0.28819719621231704,4.430621457583881,NaN
0.309431571326357,4.430621457583881,NaN
0.3322304956185631,4.430621457583881,NaN
0.35670924510331076,4.430621457583881,NaN
0.38299158933399347,4.430621457583881,2.4560737892942592
0.41121041720714535,4.430621457583881,1.5256218384984406
0.44150840887582427,4.430621457583881,1.1751369461359489
0.47403875716958577,4.430621457583881,1.0032913739237008
0.5089659421686953,4.430621457583881,0.9088212079788592
0.5464665628489841,4.430621457583881,0.8539779652636256
0.5867302300023132,4.430621457583881,0.8214676487793766
0.6299605249474366,4.430621457583881,0.8022797176629933
0.6763760288786983,4.430621457583881,0.7913028150719146
0.7262114280571625,4.430621457583881,0.7854679007850189
0.7797187004322481,4.430621457583881,0.7828623644089925
0.8371683896936681,4.430621457583881,0.78226654877061
0.8988509731955419,4.430621457583881,0.7828930020776392
0.9650783306691824,4.430621457583881,0.7842313346029418
1.0361853211506709,4.430621457583881,0.7859517452283267
1.1125314760964868,4.430621457583881,0.7878431846044832
1.1945028172479306,4.430621457583881,0.7897728849416801
1.2825138084358318,4.430621457583881,0.7916595845240091
1.3770094511942694,4.430621457583881,0.7934557361598472
1.4784675347791496,4.430621457583881,0.7951356895409576
1.5874010519681994,4.430621457583881,0.7966878326823997
1.7043607928571491,4.430621457583881,0.7981093720237801
1.8299381297668706,4.430621457583881,0.7994028891256459
1.9647680073425282,4.430621457583881,0.8005740787176867
2.1095321529632933,4.430621457583881,0.8016302991484147
2.2649625236951114,4.430621457583881,0.8025796652429205
2.4318450072150157,4.430621457583881,0.8034304881429228
2.611023395419619,4.430621457583881,0.8041909523372608
2.8034036508091575,4.430621457583881,0.8048689346469502
3.009958487218793,4.430621457583881,0.8054719100877772
3.231732288058291,4.430621457583881,0.8060069091815987
3.4698463869276943,4.430621457583881,0.806480501980589
3.7255047373088623,4.430621457583881,0.8068987932200794
4.0,4.430621457583881,0.8072674305501695
0.25,4.641588833612778,NaN
0.2684200049420297,4.641588833612778,NaN
0.28819719621231704,4.641588833612778,NaN
0.309431571326357,4.641588833612778,NaN
0.3322304956185631,4.641588833612778,NaN
0.35670924510331076,4.641588833612778,NaN
0.38299158933399347,4.641588833612778,2.692432955648998
0.41121041720714535,4.641588833612778,1.6053436059538637
0.44150840887582427,4.641588833612778,1.2161802027506132
0.47403875716958577,4.641588833612778,1.0287920334906562
0.5089659421686953,4.641588833612778,0.9265473027322202
0.5464665628489841,4.641588833612778,0.86731005631948
0.5867302300023132,4.641588833612778,0.8321243467180743
0.6299605249474366,4.641588833612778,0.8112280102362643
0.6763760288786983,4.641588833612778,0.7991252818954364
0.7262114280571625,4.641588833612778,0.7925323551568729
0.7797187004322481,4.641588833612778,0.789408693635998
0.8371683896936681,4.641588833612778,0.7884548344900673
0.8988509731955419,4.641588833612778,0.7888318721170674
0.9650783306691824,4.641588833612778,0.7899953686939618
1.0361853211506709,4.641588833612778,0.7915925494663592
1.1125314760964868,4.641588833612778,0.793396613990738
1.1945028172479306,4.641588833612778,0.7952638852951036
1.2825138084358318,4.641588833612778,0.7971055158627955
1.3770094511942694,4.641588833612778,0.7988686976177486
1.4784675347791496,4.641588833612778,0.8005241518185574
1.5874010519681994,4.641588833612778,0.8020577743202182
1.7043607928571491,4.641588833612778,0.8034650717074512
1.8299381297668706,4.641588833612778,0.8047474595538642
1.9647680073425282,4.641588833612778,0.8059098342611464
2.1095321529632933,4.641588833612778,0.8069590028645921
2.2649625236951114,4.641588833612778,0.8079026874651429
2.4318450072150157,4.641588833612778,0.8087489184426048
2.611023395419619,4.641588833612778,0.8095056671875493
2.8034036508091575,4.641588833612778,0.8101806499958033
3.009958487218793,4.641588833612778,0.810781213126061
3.231732288058291,4.641588833612778,0.8113142838251339
3.4698463869276943,4.641588833612778,0.8117863450798876
3.7255047373088623,4.641588833612778,0.8122034325817558
4.0,4.641588833612778,0.8125711353505842
0.25,4.862601580065354,NaN
0.2684200049420297,4.862601580065354,NaN
0.28819719621231704,4.862601580065354,NaN
0.309431571326357,4.862601580065354,NaN
0.3322304956185631,4.862601580065354,NaN
0.35670924510331076,4.862601580065354,NaN
0.38299158933399347,4.862601580065354,NaN
0.41121041720714535,4.862601580065354,1.6820829746161041
0.44150840887582427,4.862601580065354,1.2545756618414734
0.47403875716958577,4.862601580065354,1.0522809106872995
0.5089659421686953,4.862601580065354,0.9426983389713559
0.5464665628489841,4.862601580065354,0.8793477109292378
0.5867302300023132,4.862601580065354,0.8416664003936025
0.6299605249474366,4.862601580065354,0.8191772966083877
0.6763760288786983,4.862601580065354,0.8060232343413605
0.7262114280571625,4.862601580065354,0.7987202030982659
0.7797187004322481,4.862601580065354,0.7951090858179197
0.8371683896936681,4.862601580065354,0.7938166695476743
0.8988509731955419,4.862601580065354,0.7939565049637298
0.9650783306691824,4.862601580065354,0.7949526259948478
1.0361853211506709,4.862601580065354,0.7964309008673592
1.1125314760964868,4.862601580065354,0.7981498342502917
1.1945028172479306,4.862601580065354,0.7999555429251781
1.2825138084358318,4.862601580065354,0.8017520737786095
1.3770094511942694,4.862601580065354,0.8034816884694136
1.4784675347791496,4.862601580065354,0.8051117029741619
1.5874010519681994,4.862601580065354,0.8066256743896119
1.7043607928571491,4.862601580065354,0.8080175031229813
1.8299381297668706,4.862601580065354,0.8092875024586053
1.9647680073425282,4.862601580065354,0.8104398111248372
2.1095321529632933,4.862601580065354,0.8114807052800668
2.2649625236951114,4.862601580065354,0.8124175331674501
2.4318450072150157,4.862601580065354,0.8132580505256592
2.611023395419619,4.862601580065354,0.8140100244933528
2.8034036508091575,4.862601580065354,0.8146810107136482
3.009958487218793,4.862601580065354,0.8152782282394619
3.231732288058291,4.862601580065354,0.8158084987647078
3.4698463869276943,4.862601580065354,0.81627822037842
3.7255047373088623,4.862601580065354,0.816693355473978
4.0,4.862601580065354,0.8170594333639929
0.25,5.094138014816379,NaN
0.2684200049420297,5.094138014816379,NaN
0.28819719621231704,5.094138014816379,NaN
0.309431571326357,5.094138014816379,NaN
0.3322304956185631,5.094138014816379,NaN
0.35670924510331076,5.094138014816379,NaN
0.38299158933399347,5.094138014816379,NaN
0.41121041720714535,5.094138014816379,1.7797882641553384
0.44150840887582427,5.094138014816379,1.301670522383061
0.47403875716958577,5.094138014816379,1.0803804417687402
0.5089659421686953,5.094138014816379,0.961602655818478
0.5464665628489841,5.094138014816379,0.8931421768878441
0.5867302300023132,5.094138014816379,0.8523742314378291
0.6299605249474366,5.094138014816379,0.8279187319964234
0.6763760288786983,5.094138014816379,0.8134672373690047
0.7262114280571625,5.094138014816379,0.8052875666943586
0.7797187004322481,5.094138014816379,0.8010742332481955
0.8371683896936681,5.094138014816379,0.7993631271685119
0.8988509731955419,5.094138014816379,0.7992091327330344
0.9650783306691824,5.094138014816379,0.7999973444740955
1.0361853211506709,5.094138014816379,0.8013272321731442
1.1125314760964868,5.094138014816379,0.8029391579502025
1.1945028172479306,5.094138014816379,0.8046666795564176
1.2825138084358318,5.094138014816379,0.8064051446103164
1.3770094511942694,5.094138014816379,0.8080908021444386
1.4784675347791496,5.094138014816379,0.8096868305438786
1.5874010519681994,5.094138014816379,0.8111739488808446
1.7043607928571491,5.094138014816379,0.8125441178195754
1.8299381297668706,5.094138014816379,0.8137963231450012
1.9647680073425282,5.094138014816379,0.8149337883090558
2.1095321529632933,5.094138014816379,0.8159621565402383
2.2649625236951114,5.094138014816379,0.8168883232547768
2.4318450072150157,5.094138014816379,0.8177197150191647
2.611023395419619,5.094138014816379,0.8184638502717205
2.8034036508091575,5.094138014816379,0.8191280885775182
3.009958487218793,5.094138014816379,0.8197194897640072
3.231732288058291,5.094138014816379,0.8202447474141124
3.4698463869276943,5.094138014816379,0.8207101466057585
3.7255047373088623,5.094138014816379,0.8211215564285537
4.0,5.094138014816379,0.8214844259970103
0.25,5.3366992312063095,NaN
0.2684200049420297,5.3366992312063095,NaN
0.28819719621231704,5.3366992312063095,NaN
0.309431571326357,5.3366992312063095,NaN
0.3322304956185631,5.3366992312063095,NaN
0.35670924510331076,5.3366992312063095,NaN
0.38299158933399347,5.3366992312063095,NaN
0.41121041720714535,5.3366992312063095,1.8898966928170466
0.44150840887582427,5.3366992312063095,1.35273795319981
0.47403875716958577,5.3366992312063095,1.1102069393639882
0.5089659421686953,5.3366992312063095,0.9813512734319885
0.5464665628489841,5.3366992312063095,0.9073508724214773
0.5867302300023132,5.3366992312063095,0.8632563860126623
0.6299605249474366,5.3366992312063095,0.836688226578113
0.6763760288786983,5.3366992312063095,0.8208447294387026
0.7262114280571625,5.3366992312063095,0.8117249303935445
0.7797187004322481,5.3366992312063095,0.8068657287224086
0.8371683896936681,5.3366992312063095,0.8047054210069073
0.8988509731955419,5.3366992312063095,0.8042359808443358
0.9650783306691824,5.3366992312063095,0.8048007330711359
1.0361853211506709,5.3366992312063095,0.8059708318450419
1.1125314760964868,5.3366992312063095,0.8074671893813152
1.1945028172479306,5.3366992312063095,0.809109923964245
1.2825138084358318,5.3366992312063095,0.8107850865157631
1.3770094511942694,5.3366992312063095,0.8124225137936536
1.4784675347791496,5.3366992312063095,0.813980976324431
1.5874010519681994,5.3366992312063095,0.8154381721625268
1.7043607928571491,5.3366992312063095,0.8167839956845013
1.8299381297668706,5.3366992312063095,0.8180160219150081
1.9647680073425282,5.3366992312063095,0.819136503915244
2.1095321529632933,5.3366992312063095,0.8201504114222113
2.2649625236951114,5.3366992312063095,0.8210641622252183
2.4318450072150157,5.3366992312063095,0.8218848339214186
2.611023395419619,5.3366992312063095,0.822619681243351
2.8034036508091575,5.3366992312063095,0.823275856145693
3.009958487218793,5.3366992312063095,0.8238602508580735
3.231732288058291,5.3366992312063095,0.8243794159929196
3.4698463869276943,5.3366992312063095,0.8248395176130523
3.7255047373088623,5.3366992312063095,0.8252463224469541
4.0,5.3366992312063095,0.8256051908199087
0.25,5.590810182512224,NaN
0.2684200049420297,5.590810182512224,NaN
0.28819719621231704,5.590810182512224,NaN
0.309431571326357,5.590810182512224,NaN
0.3322304956185631,5.590810182512224,NaN
0.35670924510331076,5.590810182512224,NaN
0.38299158933399347,5.590810182512224,NaN
0.41121041720714535,5.590810182512224,1.998337203666344
0.44150840887582427,5.590810182512224,1.4011569483984128
0.47403875716958577,5.590810182512224,1.1379760706410216
0.5089659421686953,5.590810182512224,0.9995229805871766
0.5464665628489841,5.590810182512224,0.9203049881608748
0.5867302300023132,5.590810182512224,0.8730965968236692
0.6299605249474366,5.590810182512224,0.8445570706499401
0.6763760288786983,5.590810182512224,0.8274164563278562
0.7262114280571625,5.590810182512224,0.8174208879572946
0.7797187004322481,5.590810182512224,0.8119598649270892
0.8371683896936681,5.590810182512224,0.8093807464934055
0.8988509731955419,5.590810182512224,0.8086169761376243
0.9650783306691824,5.590810182512224,0.8089730181416186
1.0361853211506709,5.590810182512224,0.8099936759053903
1.1125314760964868,5.590810182512224,0.8113817592568873
1.1945028172479306,5.590810182512224,0.8129448911549869
1.2825138084358318,5.590810182512224,0.814560468925241
1.3770094511942694,5.590810182512224,0.8161523701272388
1.4784675347791496,5.590810182512224,0.8176752628301203
1.5874010519681994,5.590810182512224,0.8191040350348104
1.7043607928571491,5.590810182512224,0.8204266565667806
1.8299381297668706,5.590810182512224,0.8216393857000688
1.9647680073425282,5.590810182512224,0.8227435727062289
2.1095321529632933,5.590810182512224,0.8237435574943602
2.2649625236951114,5.590810182512224,0.8246453149154149
2.4318450072150157,5.590810182512224,0.8254555954433527
2.611023395419619,5.590810182512224,0.8261814105161198
2.8034036508091575,5.590810182512224,0.8268297175353033
3.009958487218793,5.590810182512224,0.8274072510340371
3.231732288058291,5.590810182512224,0.8279204301288103
3.4698463869276943,5.590810182512224,0.8283753104978502
3.7255047373088623,5.590810182512224,0.8287775608395513
4.0,5.590810182512224,0.829132458661061
0.25,5.857020818056665,NaN
0.2684200049420297,5.857020818056665,NaN
0.28819719621231704,5.857020818056665,NaN
0.309431571326357,5.857020818056665,NaN
0.3322304956185631,5.857020818056665,NaN
0.35670924510331076,5.857020818056665,NaN
0.38299158933399347,5.857020818056665,NaN
0.41121041720714535,5.857020818056665,2.120738390272333
0.44150840887582427,5.857020818056665,1.45362573303689
0.47403875716958577,5.857020818056665,1.167461032571373
0.5089659421686953,5.857020818056665,1.0185436048996137
0.5464665628489841,5.857020818056665,0.9337003209334449
0.5867302300023132,5.857020818056665,0.8831567714807249
0.6299605249474366,5.857020818056665,0.8525142497541645
0.6763760288786983,5.857020818056665,0.8339934501153323
0.7262114280571625,5.857020818056665,0.8230677065414165
0.7797187004322481,5.857020818056665,0.8169683945478851
0.8371683896936681,5.857020818056665,0.8139456394753506
0.8988509731955419,5.857020818056665,0.8128704182630584
0.9650783306691824,5.857020818056665,0.8130057834693984
1.0361853211506709,5.857020818056665,0.8138684951220534
1.1125314760964868,5.857020818056665,0.8151421408487436
1.1945028172479306,5.857020818056665,0.816621083874191
1.2825138084358318,5.857020818056665,0.8181735854663342
1.3770094511942694,5.857020818056665,0.8197172199639888
1.4784675347791496,5.857020818056665,0.8212023248255319
1.5874010519681994,5.857020818056665,0.82260082120248
1.7043607928571491,5.857020818056665,0.8238986528031751
1.8299381297668706,5.857020818056665,0.8250906937626727
1.9647680073425282,5.857020818056665,0.8261773476482855
2.1095321529632933,5.857020818056665,0.8271622962364087
2.2649625236951114,5.857020818056665,0.828051049506491
2.4318450072150157,5.857020818056665,0.8288500233343971
2.611023395419619,5.857020818056665,0.8295659714589654
2.8034036508091575,5.857020818056665,0.8302056525704187
3.009958487218793,5.857020818056665,0.8307756381255348
3.231732288058291,5.857020818056665,0.8312822107747855
3.4698463869276943,5.857020818056665,0.8317313082823239
3.7255047373088623,5.857020818056665,0.8321284993948959
4.0,5.857020818056665,0.8324789730067315
0.25,6.1359072734131725,NaN
0.2684200049420297,6.1359072734131725,NaN
0.28819719621231704,6.1359072734131725,NaN
0.309431571326357,6.1359072734131725,NaN
0.3322304956185631,6.1359072734131725,NaN
0.35670924510331076,6.1359072734131725,NaN
0.38299158933399347,6.1359072734131725,NaN
0.41121041720714535,6.1359072734131725,NaN
0.44150840887582427,6.1359072734131725,1.5191507421698969
0.47403875716958577,6.1359072734131725,1.2034330724122793
0.5089659421686953,6.1359072734131725,1.0413759540416843
0.5464665628489841,6.1359072734131725,0.9495612424989881
0.5867302300023132,6.1359072734131725,0.8949175483457554
0.6299605249474366,6.1359072734131725,0.8617034124551843
0.6763760288786983,6.1359072734131725,0.8415013574140293
0.7262114280571625,6.1359072734131725,0.8294460046719361
0.7797187004322481,6.1359072734131725,0.8225736217953585
0.8371683896936681,6.1359072734131725,0.8190148659971184
0.8988509731955419,6.1359072734131725,0.8175642020266062
0.9650783306691824,6.1359072734131725,0.8174340941166571
1.0361853211506709,6.1359072734131725,0.8181071462546385
1.1125314760964868,6.1359072734131725,0.8192435972742996
1.1945028172479306,6.1359072734131725,0.8206217542149878
1.2825138084358318,6.1359072734131725,0.8220988215097949
1.3770094511942694,6.1359072734131725,0.8235847648295319
1.4784675347791496,6.1359072734131725,0.8250247013066493
1.5874010519681994,6.1359072734131725,0.8263869821499021
1.7043607928571491,6.1359072734131725,0.8276551177048654
1.8299381297668706,6.1359072734131725,0.828822325154813
1.9647680073425282,6.1359072734131725,0.829887875897071
2.1095321529632933,6.1359072734131725,0.8308546745163281
2.2649625236951114,6.1359072734131725,0.8317276840560135
2.4318450072150157,6.1359072734131725,0.8325129243549119
2.611023395419619,6.1359072734131725,0.8332168527428279
2.8034036508091575,6.1359072734131725,0.8338459953399828
3.009958487218793,6.1359072734131725,0.8344067341817718
3.231732288058291,6.1359072734131725,0.8349051920270754
3.4698463869276943,6.1359072734131725,0.8353471695285521
3.7255047373088623,6.1359072734131725,0.8357381172133498
4.0,6.1359072734131725,0.8360831199451383
0.25,6.42807311728432,NaN
0.2684200049420297,6.42807311728432,NaN
0.28819719621231704,6.42807311728432,NaN
0.309431571326357,6.42807311728432,NaN
0.3322304956185631,6.42807311728432,NaN
0.35670924510331076,6.42807311728432,NaN
0.38299158933399347,6.42807311728432,NaN
0.41121041720714535,6.42807311728432,NaN
0.44150840887582427,6.42807311728432,1.5823206749221246
0.47403875716958577,6.42807311728432,1.2373682635609167
0.5089659421686953,6.42807311728432,1.0626474728678255
0.5464665628489841,6.42807311728432,0.9642069797763548
0.5867302300023132,6.42807311728432,0.9056980975323418
0.6299605249474366,6.42807311728432,0.8700716226757551
0.6763760288786983,6.42807311728432,0.8482971926786718
0.7262114280571625,6.42807311728432,0.8351873840677624
0.7797187004322481,6.42807311728432,0.8275942625389456
0.8371683896936681,6.42807311728432,0.8235362322094901
0.8988509731955419,6.42807311728432,0.8217360869951512
0.9650783306691824,6.42807311728432,0.8213590042214827
1.0361853211506709,6.42807311728432,0.8218557080203801
1.1125314760964868,6.42807311728432,0.8228646696074688
1.1945028172479306,6.42807311728432,0.8241492379828876
1.2825138084358318,6.42807311728432,0.8255563179764915
1.3770094511942694,6.42807311728432,0.8269887867640269
1.4784675347791496,6.42807311728432,0.8283868955945095
1.5874010519681994,6.42807311728432,0.8297156660177032
1.7043607928571491,6.42807311728432,0.8309563380601778
1.8299381297668706,6.42807311728432,0.8321005842731206
1.9647680073425282,6.42807311728432,0.8331466221441728
2.1095321529632933,6.42807311728432,0.8340966316687259
2.2649625236951114,6.42807311728432,0.8349550688799632
2.4318450072150157,6.42807311728432,0.8357275884187996
2.611023395419619,6.42807311728432,0.8364203743157579
2.8034036508091575,6.42807311728432,0.8370397389634505
3.009958487218793,6.42807311728432,0.8375918910614555
3.231732288058291,6.42807311728432,0.8380828070582388
3.4698463869276943,6.42807311728432,0.8385181629612131
3.7255047373088623,6.42807311728432,0.8389032995993662
4.0,6.42807311728432,0.8392432065882676
0.25,6.7341506577508214,NaN
0.2684200049420297,6.7341506577508214,NaN
0.28819719621231704,6.7341506577508214,NaN
0.309431571326357,6.7341506577508214,NaN
0.3322304956185631,6.7341506577508214,NaN
0.35670924510331076,6.7341506577508214,NaN
0.38299158933399347,6.7341506577508214,NaN
0.41121041720714535,6.7341506577508214,NaN
0.44150840887582427,6.7341506577508214,1.6517604719492778
0.47403875716958577,6.7341506577508214,1.2738367647248654
0.5089659421686953,6.7341506577508214,1.0852034755905677
0.5464665628489841,6.7341506577508214,0.9795851734145711
0.5867302300023132,6.7341506577508214,0.9169242311023382
0.6299605249474366,6.7341506577508214,0.8787203318293029
0.6763760288786983,6.7341506577508214,0.8552720451613166
0.7262114280571625,6.7341506577508214,0.8410426663138721
0.7797187004322481,6.7341506577508214,0.832685841575913
0.8371683896936681,6.7341506577508214,0.8280996476330644
0.8988509731955419,6.7341506577508214,0.8259303323404392
0.9650783306691824,6.7341506577508214,0.8252927122056796
1.0361853211506709,6.7341506577508214,0.825603638064955
1.1125314760964868,6.7341506577508214,0.8264784928864971
1.1945028172479306,6.7341506577508214,0.8276647778200352
1.2825138084358318,6.7341506577508214,0.8289984910389988
1.3770094511942694,6.7341506577508214,0.8303750043810783
1.4784675347791496,6.7341506577508214,0.831729417728519
1.5874010519681994,6.7341506577508214,0.8330232283729815
1.7043607928571491,6.7341506577508214,0.834235275007682
1.8299381297668706,6.7341506577508214,0.8353555978446066
1.9647680073425282,6.7341506577508214,0.8363813035856339
2.1095321529632933,6.7341506577508214,0.8373138111647818
2.2649625236951114,6.7341506577508214,0.8381570461942337
2.4318450072150157,6.7341506577508214,0.8389162832666858
2.611023395419619,6.7341506577508214,0.8395974235962549
2.8034036508091575,6.7341506577508214,0.840206559408593
3.009958487218793,6.7341506577508214,0.8407497207649669
3.231732288058291,6.7341506577508214,0.8412327338260934
3.4698463869276943,6.7341506577508214,0.8416611455974776
3.7255047373088623,6.7341506577508214,0.8420401843580021
4.0,6.7341506577508214,0.8423747412505548
0.25,7.054802310718643,NaN
0.2684200049420297,7.054802310718643,NaN
0.28819719621231704,7.054802310718643,NaN
0.309431571326357,7.054802310718643,NaN
0.3322304956185631,7.054802310718643,NaN
0.35670924510331076,7.054802310718643,NaN
0.38299158933399347,7.054802310718643,NaN
0.41121041720714535,7.054802310718643,NaN
0.44150840887582427,7.054802310718643,1.717641524172079
0.47403875716958577,7.054802310718643,1.3076861481144026
0.5089659421686953,7.054802310718643,1.105893173113732
0.5464665628489841,7.054802310718643,0.9935792455245036
0.5867302300023132,7.054802310718643,0.9270766362973744
0.6299605249474366,7.054802310718643,0.8864999848671732
0.6763760288786983,7.054802310718643,0.8615156853776871
0.7262114280571625,7.054802310718643,0.8462610888883565
0.7797187004322481,7.054802310718643,0.837205922066427
0.8371683896936681,7.054802310718643,0.8321372623837512
0.8988509731955419,7.054802310718643,0.829630985556282
0.9650783306691824,7.054802310718643,0.8287557248450237
1.0361853211506709,7.054802310718643,0.8288973239185082
1.1125314760964868,7.054802310718643,0.8296500553529729
1.1945028172479306,7.054802310718643,0.8307469389493005
1.2825138084358318,7.054802310718643,0.832014005474646
1.3770094511942694,7.054802310718643,0.8333397668906528
1.4784675347791496,7.054802310718643,0.8346546107405983
1.5874010519681994,7.054802310718643,0.8359168101090926
1.7043607928571491,7.054802310718643,0.837103005592807
1.8299381297668706,7.054802310718643,0.8382017434966729
1.9647680073425282,7.054802310718643,0.8392091149034404
2.1095321529632933,7.054802310718643,0.8401258438359723
2.2649625236951114,7.054802310718643,0.8409553731492427
2.4318450072150157,7.054802310718643,0.8417026327161605
2.611023395419619,7.054802310718643,0.8423732682636003
2.8034036508091575,7.054802310718643,0.8429731740198345
3.009958487218793,7.054802310718643,0.843508219277394
3.231732288058291,7.054802310718643,0.8439840958666494
3.4698463869276943,7.054802310718643,0.8444062351202646
3.7255047373088623,7.054802310718643,0.8447797643807575
4.0,7.054802310718643,0.845109485891833
0.25,7.390722033525779,NaN
0.2684200049420297,7.390722033525779,NaN
0.28819719621231704,7.390722033525779,NaN
0.309431571326357,7.390722033525779,NaN
0.3322304956185631,7.390722033525779,NaN
0.35670924510331076,7.390722033525779,NaN
0.38299158933399347,7.390722033525779,NaN
0.41121041720714535,7.390722033525779,NaN
0.44150840887582427,7.390722033525779,1.8017661799476765
0.47403875716958577,7.390722033525779,1.3498755653190289
0.5089659421686953,7.390722033525779,1.1313351102483278
0.5464665628489841,7.390722033525779,1.0106252405826535
0.5867302300023132,7.390722033525779,0.9393484924087304
0.6299605249474366,7.390722033525779,0.8958404996642245
0.6763760288786983,7.390722033525779,0.8689663458702634
0.7262114280571625,7.390722033525779,0.8524541148015587
0.7797187004322481,7.390722033525779,0.8425442368007361
0.8371683896936681,7.390722033525779,0.8368861611881896
0.8988509731955419,7.390722033525779,0.8339688875653981
0.9650783306691824,7.390722033525779,0.8328042306145567
1.0361853211506709,7.390722033525779,0.8327399814695835
1.1125314760964868,7.390722033525779,0.8333445478019939
1.1945028172479306,7.390722033525779,0.8343332196553548
1.2825138084358318,7.390722033525779,0.835519828660511
1.3770094511942694,7.390722033525779,0.8367844896307781
1.4784675347791496,7.390722033525779,0.8380518229736682
1.5874010519681994,7.390722033525779,0.839276156053108
1.7043607928571491,7.390722033525779,0.8404314415976439
1.8299381297668706,7.390722033525779,0.841504402074679
1.9647680073425282,7.390722033525779,0.84248989164818
2.1095321529632933,7.390722033525779,0.8433877912440503
2.2649625236951114,7.390722033525779,0.8442009609633931
2.4318450072150157,7.390722033525779,0.8449339172311439
2.611023395419619,7.390722033525779,0.8455920011867581
2.8034036508091575,7.390722033525779,0.8461808719306465
3.009958487218793,7.390722033525779,0.8467062093725299
3.231732288058291,7.390722033525779,0.8471735463671315
3.4698463869276943,7.390722033525779,0.8475881772999734
3.7255047373088623,7.390722033525779,0.8479551100842646
4.0,7.390722033525779,0.8482790417802257
0.25,7.742636826811269,NaN
0.2684200049420297,7.742636826811269,NaN
0.28819719621231704,7.742636826811269,NaN
0.309431571326357,7.742636826811269,NaN
0.3322304956185631,7.742636826811269,NaN
0.35670924510331076,7.742636826811269,NaN
0.38299158933399347,7.742636826811269,NaN
0.41121041720714535,7.742636826811269,NaN
0.44150840887582427,7.742636826811269,1.8956489196447646
0.47403875716958577,7.742636826811269,1.3956898610167634
0.5089659421686953,7.742636826811269,1.1585817303599582
0.5464665628489841,7.742636826811269,1.0287189636775722
0.5867302300023132,7.742636826811269,0.9522890401716612
0.6299605249474366,7.742636826811269,0.9056366297579259
0.6763760288786983,7.742636826811269,0.8767434111667856
0.7262114280571625,7.742636826811269,0.8588911242450056
0.7797187004322481,7.742636826811269,0.8480721372641361
0.8371683896936681,7.742636826811269,0.8417879071174625
0.8988509731955419,7.742636826811269,0.838434436895267
0.9650783306691824,7.742636826811269,0.8369629162514007
1.0361853211506709,7.742636826811269,0.8366806220113074
1.1125314760964868,7.742636826811269,0.8371284544753795
1.1945028172479306,7.742636826811269,0.8380028534421082
1.2825138084358318,7.742636826811269,0.8391046774916318
1.3770094511942694,7.742636826811269,0.8403051068106804
1.4784675347791496,7.742636826811269,0.8415226215750551
1.5874010519681994,7.742636826811269,0.8427073455140024
1.7043607928571491,7.742636826811269,0.8438303677295389
1.8299381297668706,7.742636826811269,0.844876467351623
1.9647680073425282,7.742636826811269,0.8458391822077436
2.1095321529632933,7.742636826811269,0.8467174980593926
2.2649625236951114,7.742636826811269,0.8475136583360257
2.4318450072150157,7.742636826811269,0.8482317442501675
2.611023395419619,7.742636826811269,0.8488767778967505
2.8034036508091575,7.742636826811269,0.8494541736668789
3.009958487218793,7.742636826811269,0.8499694146635539
3.231732288058291,7.742636826811269,0.850427869060845
3.4698463869276943,7.742636826811269,0.8508346896486043
3.7255047373088623,7.742636826811269,0.8511947605340697
4.0,7.742636826811269,0.8515126696868762
0.25,8.11130830789687,NaN
0.2684200049420297,8.11130830789687,NaN
0.28819719621231704,8.11130830789687,NaN
0.309431571326357,8.11130830789687,NaN
0.3322304956185631,8.11130830789687,NaN
0.35670924510331076,8.11130830789687,NaN
0.38299158933399347,8.11130830789687,NaN
0.41121041720714535,8.11130830789687,NaN
0.44150840887582427,8.11130830789687,NaN
0.47403875716958577,8.11130830789687,1.4389411463248947
0.5089659421686953,8.11130830789687,1.1839618293279812
0.5464665628489841,8.11130830789687,1.0454365869185533
0.5867302300023132,8.11130830789687,0.9641768576708261
0.6299605249474366,8.11130830789687,0.9145949691773846
0.6763760288786983,8.11130830789687,0.8838278065035121
0.7262114280571625,8.11130830789687,0.8647347363672655
0.7797187004322481,8.11130830789687,0.8530752400602415
0.8371683896936681,8.11130830789687,0.846212643020861
0.8988509731955419,8.11130830789687,0.8424565204846817
0.9650783306691824,8.11130830789687,0.8407018894541742
1.0361853211506709,8.11130830789687,0.8402185586738651
1.1125314760964868,8.11130830789687,0.8405220129224142
1.1945028172479306,8.11130830789687,0.8412912793105776
1.2825138084358318,8.11130830789687,0.8423152278082324
1.3770094511942694,8.11130830789687,0.8434567766489498
1.4784675347791496,8.11130830789687,0.8446287231415575
1.5874010519681994,8.11130830789687,0.8457772974257625
1.7043607928571491,8.11130830789687,0.8468709340532502
1.8299381297668706,8.11130830789687,0.8478926101782451
1.9647680073425282,8.11130830789687,0.8488346434832701
2.1095321529632933,8.11130830789687,0.8496951911788901
2.2649625236951114,8.11130830789687,0.8504759272329582
2.4318450072150157,8.11130830789687,0.8511805323794135
2.611023395419619,8.11130830789687,0.851813736541124
2.8034036508091575,8.11130830789687,0.8523807310303451
3.009958487218793,8.11130830789687,0.8528868202175967
3.231732288058291,8.11130830789687,0.8533372230982611
3.4698463869276943,8.11130830789687,0.8537369642630968
3.7255047373088623,8.11130830789687,0.8540908157623522
4.0,8.11130830789687,0.8544032667014948
0.25,8.497534359086442,NaN
0.2684200049420297,8.497534359086442,NaN
0.28819719621231704,8.497534359086442,NaN
0.309431571326357,8.497534359086442,NaN
0.3322304956185631,8.497534359086442,NaN
0.35670924510331076,8.497534359086442,NaN
0.38299158933399347,8.497534359086442,NaN
0.41121041720714535,8.497534359086442,NaN
0.44150840887582427,8.497534359086442,NaN
0.47403875716958577,8.497534359086442,1.4859148433762992
0.5089659421686953,8.497534359086442,1.2111615662896418
0.5464665628489841,8.497534359086442,1.063209686459564
0.5867302300023132,8.497534359086442,0.9767443785175463
0.6299605249474366,8.497534359086442,0.9240238822518625
0.6763760288786983,8.497534359086442,0.8912565912740151
0.7262114280571625,8.497534359086442,0.8708423830512727
0.7797187004322481,8.497534359086442,0.8582893011662434
0.8371683896936681,8.497534359086442,0.850812406839033
0.8988509731955419,8.497534359086442,0.8466289076874062
0.9650783306691824,8.497534359086442,0.8445739685576322
1.0361853211506709,8.497534359086442,0.8438775487550156
1.1125314760964868,8.497534359086442,0.8440281256454787
1.1945028172479306,8.497534359086442,0.8446862250296923
1.2825138084358318,8.497534359086442,0.8456279746777692
1.3770094511942694,8.497534359086442,0.8467075058538338
1.4784675347791496,8.497534359086442,0.8478315674016943
1.5874010519681994,8.497534359086442,0.8489422423482416
1.7043607928571491,8.497534359086442,0.8500051361380675
1.8299381297668706,8.497534359086442,0.8510013058980854
1.9647680073425282,8.497534359086442,0.851921769385964
2.1095321529632933,8.497534359086442,0.8527638021850954
2.2649625236951114,8.497534359086442,0.8535284743410669
2.4318450072150157,8.497534359086442,0.8542190432966683
2.611023395419619,8.497534359086442,0.8548399318619337
2.8034036508091575,8.497534359086442,0.8553960978566404
3.009958487218793,8.497534359086442,0.8558926593188441
3.231732288058291,8.497534359086442,0.8563346800970186
3.4698463869276943,8.497534359086442,0.8567270515126786
3.7255047373088623,8.497534359086442,0.8570744290993575
4.0,8.497534359086442,0.8573811992183756
0.25,8.902150854450387,NaN
0.2684200049420297,8.902150854450387,NaN
0.28819719621231704,8.902150854450387,NaN
0.309431571326357,8.902150854450387,NaN
0.3322304956185631,8.902150854450387,NaN
0.35670924510331076,8.902150854450387,NaN
0.38299158933399347,8.902150854450387,NaN
0.41121041720714535,8.902150854450387,NaN
0.44150840887582427,8.902150854450387,NaN
0.47403875716958577,8.902150854450387,1.5370863277740727
0.5089659421686953,8.902150854450387,1.240380295604103
0.5464665628489841,8.902150854450387,1.082146887636192
0.5867302300023132,8.902150854450387,0.9900610066535684
0.6299605249474366,8.902150854450387,0.9339726590568651
0.6763760288786983,8.902150854450387,0.8990674768567153
0.7262114280571625,8.902150854450387,0.8772445322542304
0.7797187004322481,8.902150854450387,0.8637399993964423
0.8371683896936681,8.902150854450387,0.8556095923871812
0.8988509731955419,8.902150854450387,0.8509716875287432
0.9650783306691824,8.902150854450387,0.8485976019364214
1.0361853211506709,8.902150854450387,0.8476748617416354
1.1125314760964868,8.902150854450387,0.8476632089411712
1.1945028172479306,8.902150854450387,0.8482034857222895
1.2825138084358318,8.902150854450387,0.8490582578072513
1.3770094511942694,8.902150854450387,0.85007229756326
1.4784675347791496,8.902150854450387,0.8511459060914006
1.5874010519681994,8.902150854450387,0.8522167416544448
1.7043607928571491,8.902150854450387,0.8532473891597785
1.8299381297668706,8.902150854450387,0.854216854527218
1.9647680073425282,8.902150854450387,0.8551147674994743
2.1095321529632933,8.902150854450387,0.8559374632947356
2.2649625236951114,8.902150854450387,0.856685368964586
2.4318450072150157,8.902150854450387,0.8573612932700819
2.611023395419619,8.902150854450387,0.85796933473297
2.8034036508091575,8.902150854450387,0.8585142058888215
3.009958487218793,8.902150854450387,0.8590008298275742
3.231732288058291,8.902150854450387,0.8594341084491848
3.4698463869276943,8.902150854450387,0.8598187942262989
3.7255047373088623,8.902150854450387,0.8601594212278811
4.0,8.902150854450387,0.8604602685471652
0.25,9.326033468832199,NaN
0.2684200049420297,9.326033468832199,NaN
0.28819719621231704,9.326033468832199,NaN
0.309431571326357,9.326033468832199,NaN
0.3322304956185631,9.326033468832199,NaN
0.35670924510331076,9.326033468832199,NaN
0.38299158933399347,9.326033468832199,NaN
0.41121041720714535,9.326033468832199,NaN
0.44150840887582427,9.326033468832199,NaN
0.47403875716958577,9.326033468832199,1.5930025644571653
0.5089659421686953,9.326033468832199,1.2718384218828738
0.5464665628489841,9.326033468832199,1.1023646607453101
0.5867302300023132,9.326033468832199,1.0041990954806654
0.6299605249474366,9.326033468832199,0.9444913141150079
0.6763760288786983,9.326033468832199,0.9072977343206263
0.7262114280571625,9.326033468832199,0.8839705553884856
0.7797187004322481,9.326033468832199,0.8694515236372149
0.8371683896936681,9.326033468832199,0.8606248593113996
0.8988509731955419,9.326033468832199,0.8555030571127903
0.9650783306691824,9.326033468832199,0.8527892413653273
1.0361853211506709,9.326033468832199,0.8516256994229587
1.1125314760964868,9.326033468832199,0.8514415619719504
1.1945028172479306,9.326033468832199,0.8518567043578289
1.2825138084358318,9.326033468832199,0.8526192397043824
1.3770094511942694,9.326033468832199,0.8535639595507205
1.4784675347791496,9.326033468832199,0.8545842821387193
1.5874010519681994,9.326033468832199,0.855613137813108
1.7043607928571491,9.326033468832199,0.8566098810519633
1.8299381297668706,9.326033468832199,0.8575513227518956
1.9647680073425282,9.326033468832199,0.8584256071537317
2.1095321529632933,9.326033468832199,0.8592280638408618
2.2649625236951114,9.326033468832199,0.8599584337324674
2.4318450072150157,9.326033468832199,0.8606190481804298
2.611023395419619,9.326033468832199,0.8612136622800912
2.8034036508091575,9.326033468832199,0.8617467300360531
3.009958487218793,9.326033468832199,0.8622229699183974
3.231732288058291,9.326033468832199,0.8626471142400141
3.4698463869276943,9.326033468832199,0.8630237705477184
3.7255047373088623,9.326033468832199,0.863357345860126
4.0,9.326033468832199,0.8636520073405629
0.25,9.770099572992255,NaN
0.2684200049420297,9.770099572992255,NaN
0.28819719621231704,9.770099572992255,NaN
0.309431571326357,9.770099572992255,NaN
0.3322304956185631,9.770099572992255,NaN
0.35670924510331076,9.770099572992255,NaN
0.38299158933399347,9.770099572992255,NaN
0.41121041720714535,9.770099572992255,NaN
0.44150840887582427,9.770099572992255,NaN
0.47403875716958577,9.770099572992255,1.6457810064682468
0.5089659421686953,9.770099572992255,1.3010954951578917
0.5464665628489841,9.770099572992255,1.1210144886161992
0.5867302300023132,9.770099572992255,1.0171715561466403
0.6299605249474366,9.770099572992255,0.9541052009668345
0.6763760288786983,9.770099572992255,0.914796410975147
0.7262114280571625,9.770099572992255,0.890082124333748
0.7797187004322481,9.770099572992255,0.8746288539378997
0.8371683896936681,9.770099572992255,0.8651614880176427
0.8988509731955419,9.770099572992255,0.8595945752123093
0.9650783306691824,9.770099572992255,0.8565683458837172
1.0361853211506709,9.770099572992255,0.8551834369644964
1.1125314760964868,9.770099572992255,0.854840820449704
1.1945028172479306,9.770099572992255,0.8551410866683604
1.2825138084358318,9.770099572992255,0.8558190506428304
1.3770094511942694,9.770099572992255,0.8567003135370723
1.4784675347791496,9.770099572992255,0.8576719500372822
1.5874010519681994,9.770099572992255,0.8586625286097274
1.7043607928571491,9.770099572992255,0.8596284204250219
1.8299381297668706,9.770099572992255,0.8605444077502924
1.9647680073425282,9.770099572992255,0.8613972614076248
2.1095321529632933,9.770099572992255,0.8621813815304047
2.2649625236951114,9.770099572992255,0.8628958761686173
2.4318450072150157,9.770099572992255,0.8635426369624855
2.611023395419619,9.770099572992255,0.8641251041180253
2.8034036508091575,9.770099572992255,0.8646474958649921
3.009958487218793,9.770099572992255,0.865114344517545
3.231732288058291,9.770099572992255,0.8655302288547866
3.4698463869276943,9.770099572992255,0.8658996247799882
3.7255047373088623,9.770099572992255,0.8662268245944063
4.0,9.770099572992255,0.8665158940505608
0.25,10.235310218990262,NaN
0.2684200049420297,10.235310218990262,NaN
0.28819719621231704,10.235310218990262,NaN
0.309431571326357,10.235310218990262,NaN
0.3322304956185631,10.235310218990262,NaN
0.35670924510331076,10.235310218990262,NaN
0.38299158933399347,10.235310218990262,NaN
0.41121041720714535,10.235310218990262,NaN
0.44150840887582427,10.235310218990262,NaN
0.47403875716958577,10.235310218990262,1.712544296359884
0.5089659421686953,10.235310218990262,1.3375280790749255
0.5464665628489841,10.235310218990262,1.1440406855594096
0.5867302300023132,10.235310218990262,1.0331006943262135
0.6299605249474366,10.235310218990262,0.9658635729222802
0.6763760288786983,10.235310218990262,0.9239386634366688
0.7262114280571625,10.235310218990262,0.8975129146207919
0.7797187004322481,10.235310218990262,0.8809085381473052
0.8371683896936681,10.235310218990262,0.8706523242394255
0.8988509731955419,10.235310218990262,0.8645375955908431
0.9650783306691824,10.235310218990262,0.8611269725225275
1.0361853211506709,10.235310218990262,0.8594697878589111
1.1125314760964868,10.235310218990262,0.8589323546904648
1.1945028172479306,10.235310218990262,0.8590915300008506
1.2825138084358318,10.235310218990262,0.8596657564533825
1.3770094511942694,10.235310218990262,0.8604693119018564
1.4784675347791496,10.235310218990262,0.8613814478837316
1.5874010519681994,10.235310218990262,0.8623253479168049
1.7043607928571491,10.235310218990262,0.8632536965816157
1.8299381297668706,10.235310218990262,0.8641387672187679
1.9647680073425282,10.235310218990262,0.8649656317505423
2.1095321529632933,10.235310218990262,0.8657275410767558
2.2649625236951114,10.235310218990262,0.8664228210721461
2.4318450072150157,10.235310218990262,0.867052822616061
2.611023395419619,10.235310218990262,0.8676205996778064
2.8034036508091575,10.235310218990262,0.8681300821835995
3.009958487218793,10.235310218990262,0.8685855763801823
3.231732288058291,10.235310218990262,0.8689914748326211
3.4698463869276943,10.235310218990262,0.8693520943912904
3.7255047373088623,10.235310218990262,0.8696715885047045
4.0,10.235310218990262,0.8699539002506657
0.25,10.722672220103231,NaN
0.2684200049420297,10.722672220103231,NaN
0.28819719621231704,10.722672220103231,NaN
0.309431571326357,10.722672220103231,NaN
0.3322304956185631,10.722672220103231,NaN
0.35670924510331076,10.722672220103231,NaN
0.38299158933399347,10.722672220103231,NaN
0.41121041720714535,10.722672220103231,NaN
0.44150840887582427,10.722672220103231,NaN
0.47403875716958577,10.722672220103231,1.7764619167207463
0.5089659421686953,10.722672220103231,1.3718190208894108
0.5464665628489841,10.722672220103231,1.1655176918351615
0.5867302300023132,10.722672220103231,1.0478732668881188
0.6299605249474366,10.722672220103231,0.9767235912399733
0.6763760288786983,10.722672220103231,0.9323550098421283
0.7262114280571625,10.722672220103231,0.9043347204481943
0.7797187004322481,10.722672220103231,0.8866594534875442
0.8371683896936681,10.722672220103231,0.8756699355865664
0.8988509731955419,10.722672220103231,0.8690461606373001
0.9650783306691824,10.722672220103231,0.8652784281297945
1.0361853211506709,10.722672220103231,0.863368355942692
1.1125314760964868,10.722672220103231,0.8626500551687635
1.1945028172479306,10.722672220103231,0.862678336285241
1.2825138084358318,10.722672220103231,0.8631564284900146
1.3770094511942694,10.722672220103231,0.8638880801147412
1.4784675347791496,10.722672220103231,0.8647452611492834
1.5874010519681994,10.722672220103231,0.8656461371074253
1.7043607928571491,10.722672220103231,0.8665399534406311
1.8299381297668706,10.722672220103231,0.8673966408223102
1.9647680073425282,10.722672220103231,0.8681996835288234
2.1095321529632933,10.722672220103231,0.8689412588357875
2.2649625236951114,10.722672220103231,0.8696189629079365
2.4318450072150157,10.722672220103231,0.8702336428114712
2.611023395419619,10.722672220103231,0.8707879942989958
2.8034036508091575,10.722672220103231,0.8712856812031728
3.009958487218793,10.722672220103231,0.8717308017645731
3.231732288058291,10.722672220103231,0.8721275778443172
3.4698463869276943,10.722672220103231,0.8724801808198299
3.7255047373088623,10.722672220103231,0.8727926371373986
4.0,10.722672220103231,0.8730687777088476
0.25,11.233240329780276,NaN
0.2684200049420297,11.233240329780276,NaN
0.28819719621231704,11.233240329780276,NaN
0.309431571326357,11.233240329780276,NaN
0.3322304956185631,11.233240329780276,NaN
0.35670924510331076,11.233240329780276,NaN
0.38299158933399347,11.233240329780276,NaN
0.41121041720714535,11.233240329780276,NaN
0.44150840887582427,11.233240329780276,NaN
0.47403875716958577,11.233240329780276,NaN
0.5089659421686953,11.233240329780276,1.4089203941082544
0.5464665628489841,11.233240329780276,1.1885486964443546
0.5867302300023132,11.233240329780276,1.0636267914882993
0.6299605249474366,11.233240329780276,0.9882591258975755
0.6763760288786983,11.233240329780276,0.9412670916057988
0.7262114280571625,11.233240329780276,0.9115392372810125
0.7797187004322481,11.233240329780276,0.8927188180139219
0.8371683896936681,11.233240329780276,0.8809457403784796
0.8988509731955419,11.233240329780276,0.8737782378519717
0.9650783306691824,11.233240329780276,0.8696291463089079
1.0361853211506709,11.233240329780276,0.8674490738170975
1.1125314760964868,11.233240329780276,0.8665377394175493
1.1945028172479306,11.233240329780276,0.866426413322072
1.2825138084358318,11.233240329780276,0.8668020759985311
1.3770094511942694,11.233240329780276,0.8674572223727965
1.4784675347791496,11.233240329780276,0.8682560327988331
1.5874010519681994,11.233240329780276,0.8691112992813869
1.7043607928571491,11.233240329780276,0.8699685803375595
1.8299381297668706,11.233240329780276,0.8707952928786009
1.9647680073425282,11.233240329780276,0.8715732166448047
2.1095321529632933,11.233240329780276,0.8722933760390672
2.2649625236951114,11.233240329780276,0.8729525844337647
2.4318450072150157,11.233240329780276,0.8735511496717598
2.611023395419619,11.233240329780276,0.8740913853149515
2.8034036508091575,11.233240329780276,0.8745766725235334
3.009958487218793,11.233240329780276,0.8750108895014184
3.231732288058291,11.233240329780276,0.8753980781147219
3.4698463869276943,11.233240329780276,0.8757422566048705
3.7255047373088623,11.233240329780276,0.8760473178441401
4.0,11.233240329780276,0.876316974769819
0.25,11.768119524349984,NaN
0.2684200049420297,11.768119524349984,NaN
0.28819719621231704,11.768119524349984,NaN
0.309431571326357,11.768119524349984,NaN
0.3322304956185631,11.768119524349984,NaN
0.35670924510331076,11.768119524349984,NaN
0.38299158933399347,11.768119524349984,NaN
0.41121041720714535,11.768119524349984,NaN
0.44150840887582427,11.768119524349984,NaN
0.47403875716958577,11.768119524349984,NaN
0.5089659421686953,11.768119524349984,1.4434972496561493
0.5464665628489841,11.768119524349984,1.2098239458047413
0.5867302300023132,11.768119524349984,1.0781001011413331
0.6299605249474366,11.768119524349984,0.9988165638564536
0.6763760288786983,11.768119524349984,0.9493990066154827
0.7262114280571625,11.768119524349984,0.9180963359369043
0.7797187004322481,11.768119524349984,0.8982213136175361
0.8371683896936681,11.768119524349984,0.8857271852190691
0.8988509731955419,11.768119524349984,0.8780595205992228
0.9650783306691824,11.768119524349984,0.8735596951884317
1.0361853211506709,11.768119524349984,0.8711313511723785
1.1125314760964868,11.768119524349984,0.8700425738173265
1.1945028172479306,11.768119524349984,0.8698029883164464
1.2825138084358318,11.768119524349984,0.8700846311965073
1.3770094511942694,11.768119524349984,0.8706696418325208
1.4784675347791496,11.768119524349984,0.8714150258008999
1.5874010519681994,11.768119524349984,0.8722286209397727
1.7043607928571491,11.768119524349984,0.873052583114144
1.8299381297668706,11.768119524349984,0.8738520067419923
1.9647680073425282,11.768119524349984,0.874607096091309
2.1095321529632933,11.768119524349984,0.875307809608496
2.2649625236951114,11.768119524349984,0.8759502374287204
2.4318450072150157,11.768119524349984,0.8765341901338098
2.611023395419619,11.768119524349984,0.8770616299077405
2.8034036508091575,11.768119524349984,0.877535679031126
3.009958487218793,11.768119524349984,0.8779600150612477
3.231732288058291,11.768119524349984,0.8783385161874712
3.4698463869276943,11.768119524349984,0.8786750616821046
3.7255047373088623,11.768119524349984,0.8789734232886861
4.0,11.768119524349984,0.8792372069285199
0.25,12.32846739442066,NaN
0.2684200049420297,12.32846739442066,NaN
0.28819719621231704,12.32846739442066,NaN
0.309431571326357,12.32846739442066,NaN
0.3322304956185631,12.32846739442066,NaN
0.35670924510331076,12.32846739442066,NaN
0.38299158933399347,12.32846739442066,NaN
0.41121041720714535,12.32846739442066,NaN
0.44150840887582427,12.32846739442066,NaN
0.47403875716958577,12.32846739442066,NaN
0.5089659421686953,12.32846739442066,1.486854513044242
0.5464665628489841,12.32846739442066,1.2362540415926266
0.5867302300023132,12.32846739442066,1.095977771820987
0.6299605249474366,12.32846739442066,1.0118053331025962
0.6763760288786983,12.32846739442066,0.9593725971908629
0.7262114280571625,12.32846739442066,0.9261173660713709
0.7797187004322481,12.32846739442066,0.9049367393097288
0.8371683896936681,12.32846739442066,0.8915506745268794
0.8988509731955419,12.32846739442066,0.8832645604326171
0.9650783306691824,12.32846739442066,0.8783311425943436
1.0361853211506709,12.32846739442066,0.8755959303438985
1.1125314760964868,12.32846739442066,0.8742878974471222
1.1945028172479306,12.32846739442066,0.8738899165127041
1.2825138084358318,12.32846739442066,0.87405555132868
1.3770094511942694,12.32846739442066,0.8745541318077572
1.4784675347791496,12.32846739442066,0.8752337816908246
1.5874010519681994,12.32846739442066,0.8759961995744653
1.7043607928571491,12.32846739442066,0.8767793197285931
1.8299381297668706,12.32846739442066,0.8775453528160198
1.9647680073425282,12.32846739442066,0.8782725446831321
2.1095321529632933,12.32846739442066,0.8789495290266758
2.2649625236951114,12.32846739442066,0.8795714976317506
2.4318450072150157,12.32846739442066,0.8801376444732729
2.611023395419619,12.32846739442066,0.8806494973639438
2.8034036508091575,12.32846739442066,0.8811098599361813
3.009958487218793,12.32846739442066,0.8815221636792363
3.231732288058291,12.32846739442066,0.881890086772907
3.4698463869276943,12.32846739442066,0.8822173389096419
3.7255047373088623,12.32846739442066,0.8825075444184244
4.0,12.32846739442066,0.8827641787907959
0.25,12.91549665014884,NaN
0.2684200049420297,12.91549665014884,NaN
0.28819719621231704,12.91549665014884,NaN
0.309431571326357,12.91549665014884,NaN
0.3322304956185631,12.91549665014884,NaN
0.35670924510331076,12.91549665014884,NaN
0.38299158933399347,12.91549665014884,NaN
0.41121041720714535,12.91549665014884,NaN
0.44150840887582427,12.91549665014884,NaN
0.47403875716958577,12.91549665014884,NaN
0.5089659421686953,12.91549665014884,1.527817855214665
0.5464665628489841,12.91549665014884,1.2609764915871167
0.5867302300023132,12.91549665014884,1.1125991815756218
0.6299605249474366,12.91549665014884,1.0238305994641015
0.6763760288786983,12.91549665014884,0.9685762773262191
0.7262114280571625,12.91549665014884,0.9334989710453115
0.7797187004322481,12.91549665014884,0.9111019903464983
0.8371683896936681,12.91549665014884,0.89688570571051
0.8988509731955419,12.91549665014884,0.8880241932545152
0.9650783306691824,12.91549665014884,0.8826874550594555
1.0361853211506709,12.91549665014884,0.8796668495845082
1.1125314760964868,12.91549665014884,0.8781549619319381
1.1945028172479306,12.91549665014884,0.8776097875498301
1.2825138084358318,12.91549665014884,0.8776677093357763
1.3770094511942694,12.91549665014884,0.8780861374419546
1.4784675347791496,12.91549665014884,0.8787049237494107
1.5874010519681994,12.91549665014884,0.8794200424270804
1.7043607928571491,12.91549665014884,0.8801654876914663
1.8299381297668706,12.91549665014884,0.8809007755272263
1.9647680073425282,12.91549665014884,0.8816023206357011
2.1095321529632933,12.91549665014884,0.8822575174190778
2.2649625236951114,12.91549665014884,0.8828607177620129
2.4318450072150157,12.91549665014884,0.8834105400920733
2.611023395419619,12.91549665014884,0.8839081080817421
2.8034036508091575,12.91549665014884,0.8843559298749006
3.009958487218793,12.91549665014884,0.8847572100881945
3.231732288058291,12.91549665014884,0.885115442848118
3.4698463869276943,12.91549665014884,0.8854341824338952
3.7255047373088623,12.91549665014884,0.8857169176620923
4.0,12.91549665014884,0.8859670046106172
0.25,13.530477745798068,NaN
0.2684200049420297,13.530477745798068,NaN
0.28819719621231704,13.530477745798068,NaN
0.309431571326357,13.530477745798068,NaN
0.3322304956185631,13.530477745798068,NaN
0.35670924510331076,13.530477745798068,NaN
0.38299158933399347,13.530477745798068,NaN
0.41121041720714535,13.530477745798068,NaN
0.44150840887582427,13.530477745798068,NaN
0.47403875716958577,13.530477745798068,NaN
0.5089659421686953,13.530477745798068,1.572360395379788
0.5464665628489841,13.530477745798068,1.2875938836076095
0.5867302300023132,13.530477745798068,1.130388231154313
0.6299605249474366,13.530477745798068,1.0366478110388964
0.6763760288786983,13.530477745798068,0.9783550704678542
0.7262114280571625,13.530477745798068,0.941321093380318
0.7797187004322481,13.530477745798068,0.9176200331248301
0.8371683896936681,13.530477745798068,0.9025144604454653
0.8988509731955419,13.530477745798068,0.8930368883573684
0.9650783306691824,13.530477745798068,0.8872684251023515
1.0361853211506709,13.530477745798068,0.8839423771996071
1.1125314760964868,13.530477745798068,0.8822123695402015
1.1945028172479306,13.530477745798068,0.8815097748777938
1.2825138084358318,13.530477745798068,0.8814525888768824
1.3770094511942694,13.530477745798068,0.8817854587449404
1.4784675347791496,13.530477745798068,0.8823393714660868
1.5874010519681994,13.530477745798068,0.883004161462692
1.7043607928571491,13.530477745798068,0.8837095917379271
1.8299381297668706,13.530477745798068,0.8844122817027517
1.9647680073425282,13.530477745798068,0.8850866761063981
2.1095321529632933,13.530477745798068,0.8857188356344786
2.2649625236951114,13.530477745798068,0.8863022086557018
2.4318450072150157,13.530477745798068,0.8868347954255587
2.611023395419619,13.530477745798068,0.8873172866742509
2.8034036508091575,13.530477745798068,0.8877518754572276
3.009958487218793,13.530477745798068,0.8881415247325842
3.231732288058291,13.530477745798068,0.8884895341752703
3.4698463869276943,13.530477745798068,0.888799293594679
3.7255047373088623,13.530477745798068,0.8890741489532692
4.0,13.530477745798068,0.889317330179794
0.25,14.174741629268055,NaN
0.2684200049420297,14.174741629268055,NaN
0.28819719621231704,14.174741629268055,NaN
0.309431571326357,14.174741629268055,NaN
0.3322304956185631,14.174741629268055,NaN
0.35670924510331076,14.174741629268055,NaN
0.38299158933399347,14.174741629268055,NaN
0.41121041720714535,14.174741629268055,NaN
0.44150840887582427,14.174741629268055,NaN
0.47403875716958577,14.174741629268055,NaN
0.5089659421686953,14.174741629268055,1.6141521352530481
0.5464665628489841,14.174741629268055,1.3123225535715908
0.5867302300023132,14.174741629268055,1.1468182130560662
0.6299605249474366,14.174741629268055,1.0484382166768154
0.6763760288786983,14.174741629268055,0.9873227739142691
0.7262114280571625,14.174741629268055,0.9484760289581833
0.7797187004322481,14.174741629268055,0.923568766214164
0.8371683896936681,14.174741629268055,0.9076413992968724
0.8988509731955419,14.174741629268055,0.8975947874757335
0.9650783306691824,14.174741629268055,0.8914276408939643
1.0361853211506709,14.174741629268055,0.8878195717306405
1.1125314760964868,14.174741629268055,0.8858882157299374
1.1945028172479306,14.174741629268055,0.8850403664140756
1.2825138084358318,14.174741629268055,0.884877043207505
1.3770094511942694,14.174741629268055,0.8851311047303224
1.4784675347791496,14.174741629268055,0.8856253439977241
1.5874010519681994,14.174741629268055,0.8862439142773413
1.7043607928571491,14.174741629268055,0.8869126598669195
1.8299381297668706,14.174741629268055,0.8875855150461531
1.9647680073425282,14.174741629268055,0.8882350966373287
2.1095321529632933,14.174741629268055,0.8888462273737828
2.2649625236951114,14.174741629268055,0.8894115172213062
2.4318450072150157,14.174741629268055,0.8899283936276424
2.611023395419619,14.174741629268055,0.8903971471014678
2.8034036508091575,14.174741629268055,0.890819680415821
3.009958487218793,14.174741629268055,0.8911987352502219
3.231732288058291,14.174741629268055,0.8915374329517471
3.4698463869276943,14.174741629268055,0.8918390135138757
3.7255047373088623,14.174741629268055,0.8921066927019576
4.0,14.174741629268055,0.892343585496038
0.25,14.84968262254465,NaN
0.2684200049420297,14.84968262254465,NaN
0.28819719621231704,14.84968262254465,NaN
0.309431571326357,14.84968262254465,NaN
0.3322304956185631,14.84968262254465,NaN
0.35670924510331076,14.84968262254465,NaN
0.38299158933399347,14.84968262254465,NaN
0.41121041720714535,14.84968262254465,NaN
0.44150840887582427,14.84968262254465,NaN
0.47403875716958577,14.84968262254465,NaN
0.5089659421686953,14.84968262254465,NaN
0.5464665628489841,14.84968262254465,1.343094878724383
0.5867302300023132,14.84968262254465,1.1671370030240986
0.6299605249474366,14.84968262254465,1.0629576583234959
0.6763760288786983,14.84968262254465,0.9983305832095974
0.7262114280571625,14.84968262254465,0.957235202447728
0.7797187004322481,14.84968262254465,0.9308343227993118
0.8371683896936681,14.84968262254465,0.9138903382604004
0.8988509731955419,14.84968262254465,0.9031401418547045
0.9650783306691824,14.84968262254465,0.896480168436125
1.0361853211506709,14.84968262254465,0.8925235398044975
1.1125314760964868,14.84968262254465,0.8903433868408421
1.1945028172479306,14.84968262254465,0.8893161273949897
1.2825138084358318,14.84968262254465,0.8890218015179139
1.3770094511942694,14.84968262254465,0.8891786926941697
1.4784675347791496,14.84968262254465,0.8895994563266201
1.5874010519681994,14.84968262254465,0.8901612102042236
1.7043607928571491,14.84968262254465,0.8907849406265826
1.8299381297668706,14.84968262254465,0.8914212490274795
1.9647680073425282,14.84968262254465,0.8920404820833494
2.1095321529632933,14.84968262254465,0.8926259241848774
2.2649625236951114,14.84968262254465,0.8931691437304308
2.4318450072150157,14.84968262254465,0.8936668572801325
2.611023395419619,14.84968262254465,0.8941188603031711
2.8034036508091575,14.84968262254465,0.8945266974998289
3.009958487218793,14.84968262254465,0.8948928386290613
3.231732288058291,14.84968262254465,0.8952201871240778
3.4698463869276943,14.84968262254465,0.8955117999469164
3.7255047373088623,14.84968262254465,0.8957707340638776
4.0,14.84968262254465,0.8959999643108727
0.25,15.556761439304715,NaN
0.2684200049420297,15.556761439304715,NaN
0.28819719621231704,15.556761439304715,NaN
0.309431571326357,15.556761439304715,NaN
0.3322304956185631,15.556761439304715,NaN
0.35670924510331076,15.556761439304715,NaN
0.38299158933399347,15.556761439304715,NaN
0.41121041720714535,15.556761439304715,NaN
0.44150840887582427,15.556761439304715,NaN
0.47403875716958577,15.556761439304715,NaN
0.5089659421686953,15.556761439304715,NaN
0.5464665628489841,15.556761439304715,1.3678781165928973
0.5867302300023132,15.556761439304715,1.1834011618649467
0.6299605249474366,15.556761439304715,1.074531520915861
0.6763760288786983,15.556761439304715,1.0070776263483912
0.7262114280571625,15.556761439304715,0.9641773533372506
0.7797187004322481,15.556761439304715,0.9365796907067352
0.8371683896936681,15.556761439304715,0.9188219287995049
0.8988509731955419,15.556761439304715,0.9075088221125933
0.9650783306691824,15.556761439304715,0.9004546561446896
1.0361853211506709,15.556761439304715,0.8962192734101826
1.1125314760964868,15.556761439304715,0.8938401910102671
1.1945028172479306,15.556761439304715,0.8926695353939467
1.2825138084358318,15.556761439304715,0.8922705710694414
1.3770094511942694,15.556761439304715,0.892349922566888
1.4784675347791496,15.556761439304715,0.8927121300467932
1.5874010519681994,15.556761439304715,0.8932286746525967
1.7043607928571491,15.556761439304715,0.8938166464220696
1.8299381297668706,15.556761439304715,0.8944239712406832
1.9647680073425282,15.556761439304715,0.8950191719034506
2.1095321529632933,15.556761439304715,0.8955842960427449
2.2649625236951114,15.556761439304715,0.8961100749170534
2.4318450072150157,15.556761439304715,0.8965926545387457
2.611023395419619,15.556761439304715,0.8970314334861561
2.8034036508091575,15.556761439304715,0.8974276708250939
3.009958487218793,15.556761439304715,0.8977836201372968
3.231732288058291,15.556761439304715,0.8981020121840058
3.4698463869276943,15.556761439304715,0.8983857592396698
3.7255047373088623,15.556761439304715,0.8986377929530969
4.0,15.556761439304715,0.8988609774790015
0.25,16.297508346206442,NaN
0.2684200049420297,16.297508346206442,NaN
0.28819719621231704,16.297508346206442,NaN
0.309431571326357,16.297508346206442,NaN
0.3322304956185631,16.297508346206442,NaN
0.35670924510331076,16.297508346206442,NaN
0.38299158933399347,16.297508346206442,NaN
0.41121041720714535,16.297508346206442,NaN
0.44150840887582427,16.297508346206442,NaN
0.47403875716958577,16.297508346206442,NaN
0.5089659421686953,16.297508346206442,NaN
0.5464665628489841,16.297508346206442,1.399054984610778
0.5867302300023132,16.297508346206442,1.203737917818339
0.6299605249474366,16.297508346206442,1.0889447064071323
0.6763760288786983,16.297508346206442,1.0179371056533968
0.7262114280571625,16.297508346206442,0.9727743060685519
0.7797187004322481,16.297508346206442,0.9436790038752845
0.8371683896936681,16.297508346206442,0.924903895092804
0.8988509731955419,16.297508346206442,0.912887433184303
0.9650783306691824,16.297508346206442,0.9053408501459344
1.0361853211506709,16.297508346206442,0.9007573076884321
1.1125314760964868,16.297508346206442,0.8981298134188082
1.1945028172479306,16.297508346206442,0.8967801549309347
1.2825138084358318,16.297508346206442,0.8962506468181656
1.3770094511942694,16.297508346206442,0.8962333495847374
1.4784675347791496,16.297508346206442,0.89652265889144
1.5874010519681994,16.297508346206442,0.8969830039511615
1.7043607928571491,16.297508346206442,0.8975265959128085
1.8299381297668706,16.297508346206442,0.8980980070224156
1.9647680073425282,16.297508346206442,0.8986634713779608
2.1095321529632933,16.297508346206442,0.8992034845654132
2.2649625236951114,16.297508346206442,0.8997077271415561
2.4318450072150157,16.297508346206442,0.9001716297133262
2.611023395419619,16.297508346206442,0.900594094542698
2.8034036508091575,16.297508346206442,0.9009760243823322
3.009958487218793,16.297508346206442,0.9013194042554961
3.231732288058291,16.297508346206442,0.9016267511515368
3.4698463869276943,16.297508346206442,0.9019007986584938
3.7255047373088623,16.297508346206442,0.9021443237575532
4.0,16.297508346206442,0.9023600540475203
0.25,17.073526474706906,NaN
0.2684200049420297,17.073526474706906,NaN
0.28819719621231704,17.073526474706906,NaN
0.309431571326357,17.073526474706906,NaN
0.3322304956185631,17.073526474706906,NaN
0.35670924510331076,17.073526474706906,NaN
0.38299158933399347,17.073526474706906,NaN
0.41121041720714535,17.073526474706906,NaN
0.44150840887582427,17.073526474706906,NaN
0.47403875716958577,17.073526474706906,NaN
0.5089659421686953,17.073526474706906,NaN
0.5464665628489841,17.073526474706906,1.428319060643708
0.5867302300023132,17.073526474706906,1.2227048631818838
0.6299605249474366,17.073526474706906,1.102329395769881
0.6763760288786983,17.073526474706906,1.027989171338069
0.7262114280571625,17.073526474706906,0.9807110433210329
0.7797187004322481,17.073526474706906,0.9502181225171451
0.8371683896936681,17.073526474706906,0.9304946215375252
0.8988509731955419,17.073526474706906,0.9178228483083954
0.9650783306691824,17.073526474706906,0.9098176127502721
1.0361853211506709,17.073526474706906,0.9049098371651544
1.1125314760964868,17.073526474706906,0.9020510470235099
1.1945028172479306,17.073526474706906,0.9005347765871803
1.2825138084358318,17.073526474706906,0.8998838332580266
1.3770094511942694,17.073526474706906,0.8997767120520094
1.4784675347791496,17.073526474706906,0.8999983542020435
1.5874010519681994,17.073526474706906,0.9004066112281763
1.7043607928571491,17.073526474706906,0.9009091380433505
1.8299381297668706,17.073526474706906,0.9014473724844125
1.9647680073425282,17.073526474706906,0.9019854078269581
2.1095321529632933,17.073526474706906,0.9025022867521192
2.2649625236951114,17.073526474706906,0.9029867064425419
2.4318450072150157,17.073526474706906,0.90343342835874
2.611023395419619,17.073526474706906,0.9038408919548037
2.8034036508091575,17.073526474706906,0.9042096684759611
3.009958487218793,17.073526474706906,0.9045414941695848
3.231732288058291,17.073526474706906,0.9048386887177889
3.4698463869276943,17.073526474706906,0.9051038212157405
3.7255047373088623,17.073526474706906,0.9053395264164817
4.0,17.073526474706906,0.9055484065949384
0.25,17.886495290574352,NaN
0.2684200049420297,17.886495290574352,NaN
0.28819719621231704,17.886495290574352,NaN
0.309431571326357,17.886495290574352,NaN
0.3322304956185631,17.886495290574352,NaN
0.35670924510331076,17.886495290574352,NaN
0.38299158933399347,17.886495290574352,NaN
0.41121041720714535,17.886495290574352,NaN
0.44150840887582427,17.886495290574352,NaN
0.47403875716958577,17.886495290574352,NaN
0.5089659421686953,17.886495290574352,NaN
0.5464665628489841,17.886495290574352,1.4600488447857318
0.5867302300023132,17.886495290574352,1.2431398990196367
0.6299605249474366,17.886495290574352,1.1166892851462356
0.6763760288786983,17.886495290574352,1.0387396159292974
0.7262114280571625,17.886495290574352,0.9891773345791185
0.7797187004322481,17.886495290574352,0.9571780221034747
0.8371683896936681,17.886495290574352,0.9364334082714538
0.8988509731955419,17.886495290574352,0.9230564785464181
0.9650783306691824,17.886495290574352,0.9145578455588146
1.0361853211506709,17.886495290574352,0.9093013314875087
1.1125314760964868,17.886495290574352,0.9061938094707198
1.1945028172479306,17.886495290574352,0.9044984237542459
1.2825138084358318,17.886495290574352,0.9037170038216632
1.3770094511942694,17.886495290574352,0.9035134526327868
1.4784675347791496,17.886495290574352,0.9036625355745198
1.5874010519681994,17.886495290574352,0.9040150183144928
1.7043607928571491,17.886495290574352,0.9044736435961573
1.8299381297668706,17.886495290574352,0.9049764662571073
1.9647680073425282,17.886495290574352,0.9054852668589612
2.1095321529632933,17.886495290574352,0.9059775181113863
2.2649625236951114,17.886495290574352,0.9064408541342228
2.4318450072150157,17.886495290574352,0.9068693140592985
2.611023395419619,17.886495290574352,0.9072608379660738
2.8034036508091575,17.886495290574352,0.9076156412130703
3.009958487218793,17.886495290574352,0.9079351937879785
3.231732288058291,17.886495290574352,0.9082216049160967
3.4698463869276943,17.886495290574352,0.9084772686904001
3.7255047373088623,17.886495290574352,0.9087046688029391
4.0,17.886495290574352,0.9089062742637
0.25,18.73817422860384,NaN
0.2684200049420297,18.73817422860384,NaN
0.28819719621231704,18.73817422860384,NaN
0.309431571326357,18.73817422860384,NaN
0.3322304956185631,18.73817422860384,NaN
0.35670924510331076,18.73817422860384,NaN
0.38299158933399347,18.73817422860384,NaN
0.41121041720714535,18.73817422860384,NaN
0.44150840887582427,18.73817422860384,NaN
0.47403875716958577,18.73817422860384,NaN
0.5089659421686953,18.73817422860384,NaN
0.5464665628489841,18.73817422860384,1.4944527817609434
0.5867302300023132,18.73817422860384,1.2651484536925905
0.6299605249474366,18.73817422860384,1.1320860463092284
0.6763760288786983,18.73817422860384,1.0502280937376043
0.7262114280571625,18.73817422860384,0.9982004370647486
0.7797187004322481,18.73817422860384,0.9645784037598499
0.8371683896936681,18.73817422860384,0.9427350832807758
0.8988509731955419,18.73817422860384,0.9285998821752077
0.9650783306691824,18.73817422860384,0.9195708534455642
1.0361853211506709,18.73817422860384,0.9139395155159707
1.1125314760964868,18.73817422860384,0.9105647050942817
1.1945028172479306,18.73817422860384,0.9086769016834761
1.2825138084358318,18.73817422860384,0.9077553916879819
1.3770094511942694,18.73817422860384,0.9074483936080282
1.4784675347791496,18.73817422860384,0.9075197292847726
1.5874010519681994,18.73817422860384,0.9078125368255066
1.7043607928571491,18.73817422860384,0.9082242664572258
1.8299381297668706,18.73817422860384,0.9086893246334249
1.9647680073425282,18.73817422860384,0.9091669955354158
2.1095321529632933,18.73817422860384,0.9096330553499208
2.2649625236951114,18.73817422860384,0.9100739901188526
2.4318450072150157,18.73817422860384,0.9104830591432975
2.611023395419619,18.73817422860384,0.9108576648381614
2.8034036508091575,18.73817422860384,0.9111976402614881
3.009958487218793,18.73817422860384,0.9115041705517712
3.231732288058291,18.73817422860384,0.9117791407337172
3.4698463869276943,18.73817422860384,0.9120247589158743
3.7255047373088623,18.73817422860384,0.9122433484525176
4.0,18.73817422860384,0.9124372369858638
0.25,19.630406500402714,NaN
0.2684200049420297,19.630406500402714,NaN
0.28819719621231704,19.630406500402714,NaN
0.309431571326357,19.630406500402714,NaN
0.3322304956185631,19.630406500402714,NaN
0.35670924510331076,19.630406500402714,NaN
0.38299158933399347,19.630406500402714,NaN
0.41121041720714535,19.630406500402714,NaN
0.44150840887582427,19.630406500402714,NaN
0.47403875716958577,19.630406500402714,NaN
0.5089659421686953,19.630406500402714,NaN
0.5464665628489841,19.630406500402714,1.5269349553466107
0.5867302300023132,19.630406500402714,1.2857895577303835
0.6299605249474366,19.630406500402714,1.146462871555257
0.6763760288786983,19.630406500402714,1.060920657982231
0.7262114280571625,19.630406500402714,1.0065762765120048
0.7797187004322481,19.630406500402714,0.9714323349257545
0.8371683896936681,19.630406500402714,0.9485597466143916
0.8988509731955419,19.630406500402714,0.9337146409732463
0.9650783306691824,19.630406500402714,0.9241892061073211
1.0361853211506709,19.630406500402714,0.9182071251097068
1.1125314760964868,19.630406500402714,0.9145822409997029
1.1945028172479306,19.630406500402714,0.9125144648856401
1.2825138084358318,19.630406500402714,0.9114619922236169
1.3770094511942694,19.630406500402714,0.9110583645431202
1.4784675347791496,19.630406500402714,0.9110571571376738
1.5874010519681994,19.630406500402714,0.9112943612479588
1.7043607928571491,19.630406500402714,0.9116624637757839
1.8299381297668706,19.630406500402714,0.9120924452980901
1.9647680073425282,19.630406500402714,0.9125412443821421
2.1095321529632933,19.630406500402714,0.912983042340077
2.2649625236951114,19.630406500402714,0.9134032454569422
2.4318450072150157,19.630406500402714,0.9137943802334494
2.611023395419619,19.630406500402714,0.914153344734562
2.8034036508091575,19.630406500402714,0.9144796143361313
3.009958487218793,19.630406500402714,0.9147741091835742
3.231732288058291,19.630406500402714,0.9150385060054043
3.4698463869276943,19.630406500402714,0.915274840759797
3.7255047373088623,19.630406500402714,0.9154852885994839
4.0,19.630406500402714,0.9156720465398981
0.25,20.565123083486515,NaN
0.2684200049420297,20.565123083486515,NaN
0.28819719621231704,20.565123083486515,NaN
0.309431571326357,20.565123083486515,NaN
0.3322304956185631,20.565123083486515,NaN
0.35670924510331076,20.565123083486515,NaN
0.38299158933399347,20.565123083486515,NaN
0.41121041720714535,20.565123083486515,NaN
0.44150840887582427,20.565123083486515,NaN
0.47403875716958577,20.565123083486515,NaN
0.5089659421686953,20.565123083486515,NaN
0.5464665628489841,20.565123083486515,1.5573701483010338
0.5867302300023132,20.565123083486515,1.3050115158645037
0.6299605249474366,20.565123083486515,1.1597974804153148
0.6763760288786983,20.565123083486515,1.070808658359553
0.7262114280571625,20.565123083486515,1.014303283214808
0.7797187004322481,20.565123083486515,0.977742290300307
0.8371683896936681,20.565123083486515,0.9539123695035795
0.8988509731955419,20.565123083486515,0.9384073612091304
0.9650783306691824,20.565123083486515,0.9284206215624982
1.0361853211506709,20.565123083486515,0.9221126516821636
1.1125314760964868,20.565123083486515,0.918255449762597
1.1945028172479306,20.565123083486515,0.9160205213185861
1.2825138084358318,20.565123083486515,0.9148464688806239
1.3770094511942694,20.565123083486515,0.9143531973823706
1.4784675347791496,20.565123083486515,0.9142847571911521
1.5874010519681994,20.565123083486515,0.9144704921775175
1.7043607928571491,20.565123083486515,0.9147982674950703
1.8299381297668706,20.565123083486515,0.9151958721004838
1.9647680073425282,20.565123083486515,0.9156180569488711
2.1095321529632933,20.565123083486515,0.9160375151275598
2.2649625236951114,20.565123083486515,0.9164386450573343
2.4318450072150157,20.565123083486515,0.9168132900085381
2.611023395419619,20.565123083486515,0.9171578782570573
2.8034036508091575,20.565123083486515,0.9174715532641832
3.009958487218793,20.565123083486515,0.9177549892625612
3.231732288058291,20.565123083486515,0.9180096711388667
3.4698463869276943,20.565123083486515,0.9182374764536911
3.7255047373088623,20.565123083486515,0.918440444174244
4.0,20.565123083486515,0.9186206513211126
0.25,21.544346900318832,NaN
0.2684200049420297,21.544346900318832,NaN
0.28819719621231704,21.544346900318832,NaN
0.309431571326357,21.544346900318832,NaN
0.3322304956185631,21.544346900318832,NaN
0.35670924510331076,21.544346900318832,NaN
0.38299158933399347,21.544346900318832,NaN
0.41121041720714535,21.544346900318832,NaN
0.44150840887582427,21.544346900318832,NaN
0.47403875716958577,21.544346900318832,NaN
0.5089659421686953,21.544346900318832,NaN
0.5464665628489841,21.544346900318832,NaN
0.5867302300023132,21.544346900318832,1.3290441177829022
0.6299605249474366,21.544346900318832,1.1763981930546001
0.6763760288786983,21.544346900318832,1.0830798982174958
0.7262114280571625,21.544346900318832,1.0238683821332675
0.7797187004322481,21.544346900318832,0.9855362802451821
0.8371683896936681,21.544346900318832,0.9605112043241321
0.8988509731955419,21.544346900318832,0.9441828825470873
0.9650783306691824,21.544346900318832,0.9336207928114738
1.0361853211506709,21.544346900318832,0.926906437016142
1.1125314760964868,21.544346900318832,0.9227595784298748
1.1945028172479306,21.544346900318832,0.9203162947931544
1.2825138084358318,21.544346900318832,0.9189907606438033
1.3770094511942694,21.544346900318832,0.9183858774707621
1.4784675347791496,21.544346900318832,0.9182338126931135
1.5874010519681994,21.544346900318832,0.9183556110415192
1.7043607928571491,21.544346900318832,0.9186333632622613
1.8299381297668706,21.544346900318832,0.9189908667780471
1.9647680073425282,21.544346900318832,0.9193801340448469
2.1095321529632933,21.544346900318832,0.9197719940552465
2.2649625236951114,21.544346900318832,0.9201495828816231
2.4318450072150157,21.544346900318832,0.9205038876280162
2.611023395419619,21.544346900318832,0.9208307495736356
2.8034036508091575,21.544346900318832,0.9211288981745934
3.009958487218793,21.544346900318832,0.9213987025563872
3.231732288058291,21.544346900318832,0.9216414099396097
3.4698463869276943,21.544346900318832,0.9218587023444098
3.7255047373088623,21.544346900318832,0.9220524508674917
4.0,21.544346900318832,0.9222245846726715
0.25,22.570197196339205,NaN
0.2684200049420297,22.570197196339205,NaN
0.28819719621231704,22.570197196339205,NaN
0.309431571326357,22.570197196339205,NaN
0.3322304956185631,22.570197196339205,NaN
0.35670924510331076,22.570197196339205,NaN
0.38299158933399347,22.570197196339205,NaN
0.41121041720714535,22.570197196339205,NaN
0.44150840887582427,22.570197196339205,NaN
0.47403875716958577,22.570197196339205,NaN
0.5089659421686953,22.570197196339205,NaN
0.5464665628489841,22.570197196339205,NaN
0.5867302300023132,22.570197196339205,1.3485898445119135
0.6299605249474366,22.570197196339205,1.1898426955795098
0.6763760288786983,22.570197196339205,1.0929873343420147
0.7262114280571625,22.570197196339205,1.0315717412312246
0.7797187004322481,22.570197196339205,0.9917998797657261
0.8371683896936681,22.570197196339205,0.9658043579686078
0.8988509731955419,22.570197196339205,0.9488079468739626
0.9650783306691824,22.570197196339205,0.9377791345887734
1.0361853211506709,22.570197196339205,0.9307351771732624
1.1125314760964868,22.570197196339205,0.9263534254800557
1.1945028172479306,22.570197196339205,0.9237412190471874
1.2825138084358318,22.570197196339205,0.9222929234943713
1.3770094511942694,22.570197196339205,0.9215976500496453
1.4784675347791496,22.570197196339205,0.9213779259487321
1.5874010519681994,22.570197196339205,0.9214480569255021
1.7043607928571491,22.570197196339205,0.9216854424546561
1.8299381297668706,22.570197196339205,0.9220106327613595
1.9647680073425282,22.570197196339205,0.9223734114625756
2.1095321529632933,22.570197196339205,0.9227430891197924
2.2649625236951114,22.570197196339205,0.9231017732492206
2.4318450072150157,22.570197196339205,0.923439753969048
2.611023395419619,22.570197196339205,0.9237523951039079
2.8034036508091575,22.570197196339205,0.924038090339781
3.009958487218793,22.570197196339205,0.9242969620254987
3.231732288058291,22.570197196339205,0.9245300663188951
3.4698463869276943,22.570197196339205,0.9247389280108701
3.7255047373088623,22.570197196339205,0.924925283570474
4.0,22.570197196339205,0.925090943632184
0.25,23.644894126454073,NaN
0.2684200049420297,23.644894126454073,NaN
0.28819719621231704,23.644894126454073,NaN
0.309431571326357,23.644894126454073,NaN
0.3322304956185631,23.644894126454073,NaN
0.35670924510331076,23.644894126454073,NaN
0.38299158933399347,23.644894126454073,NaN
0.41121041720714535,23.644894126454073,NaN
0.44150840887582427,23.644894126454073,NaN
0.47403875716958577,23.644894126454073,NaN
0.5089659421686953,23.644894126454073,NaN
0.5464665628489841,23.644894126454073,NaN
0.5867302300023132,23.644894126454073,1.3731660798890117
0.6299605249474366,23.644894126454073,1.2066769395350665
0.6763760288786983,23.644894126454073,1.1053548624891603
0.7262114280571625,23.644894126454073,1.0411643509203399
0.7797187004322481,23.644894126454073,0.9995832961544799
0.8371683896936681,23.644894126454073,0.9723697166120944
0.8988509731955419,23.644894126454073,0.9545352922475817
0.9650783306691824,23.644894126454073,0.94292124445842
1.0361853211506709,23.644894126454073,0.9354640640091558
1.1125314760964868,23.644894126454073,0.9307878675919304
1.1945028172479306,23.644894126454073,0.9279639585945023
1.2825138084358318,23.644894126454073,0.9263618731021316
1.3770094511942694,23.644894126454073,0.9255534348673704
1.4784675347791496,23.644894126454073,0.9252490808436155
1.5874010519681994,23.644894126454073,0.9252546614892305
1.7043607928571491,23.644894126454073,0.9254416829244037
1.8299381297668706,23.644894126454073,0.9257266144266578
1.9647680073425282,23.644894126454073,0.9260564351212796
2.1095321529632933,23.644894126454073,0.9263985444024299
2.2649625236951114,23.644894126454073,0.9267337543474723
2.4318450072150157,23.644894126454073,0.927051477744826
2.611023395419619,23.644894126454073,0.927346478256162
2.8034036508091575,23.644894126454073,0.927616728539058
3.009958487218793,23.644894126454073,0.9278620429380995
3.231732288058291,23.644894126454073,0.9280832388860851
3.4698463869276943,23.644894126454073,0.9282816463001899
3.7255047373088623,23.644894126454073,0.9284588347058726
4.0,23.644894126454073,0.928616467830108
0.25,24.770763559917114,NaN
0.2684200049420297,24.770763559917114,NaN
0.28819719621231704,24.770763559917114,NaN
0.309431571326357,24.770763559917114,NaN
0.3322304956185631,24.770763559917114,NaN
0.35670924510331076,24.770763559917114,NaN
0.38299158933399347,24.770763559917114,NaN
0.41121041720714535,24.770763559917114,NaN
0.44150840887582427,24.770763559917114,NaN
0.47403875716958577,24.770763559917114,NaN
0.5089659421686953,24.770763559917114,NaN
0.5464665628489841,24.770763559917114,NaN
0.5867302300023132,24.770763559917114,1.3932181060829474
0.6299605249474366,24.770763559917114,1.2203554558899778
0.6763760288786983,24.770763559917114,1.1153736846113076
0.7262114280571625,24.770763559917114,1.048916462298453
0.7797187004322481,24.770763559917114,1.0058603590017425
0.8371683896936681,24.770763559917114,0.9776548275460292
0.8988509731955419,24.770763559917114,0.959138391650809
0.9650783306691824,24.770763559917114,0.9470482149442057
1.0361853211506709,24.770763559917114,0.9392549080676786
1.1125314760964868,24.770763559917114,0.934339235953376
1.1945028172479306,24.770763559917114,0.9313431828186747
1.2825138084358318,24.770763559917114,0.9296160903665996
1.3770094511942694,24.770763559917114,0.9287157227879353
1.4784675347791496,24.770763559917114,0.9283426799399989
1.5874010519681994,24.770763559917114,0.9282959280787628
1.7043607928571491,24.770763559917114,0.9284421717699369
1.8299381297668706,24.770763559917114,0.9286945525922636
1.9647680073425282,24.770763559917114,0.9289977608581979
2.1095321529632933,24.770763559917114,0.9293176344712135
2.2649625236951114,24.770763559917114,0.9296339275297554
2.4318450072150157,24.770763559917114,0.9299353363391043
2.611023395419619,24.770763559917114,0.9302161350496523
2.8034036508091575,24.770763559917114,0.930473953740502
3.009958487218793,24.770763559917114,0.9307083568130865
3.231732288058291,24.770763559917114,0.9309199690353998
3.4698463869276943,24.770763559917114,0.9311099631231798
3.7255047373088623,24.770763559917114,0.9312797742599781
4.0,24.770763559917114,0.9314309479927053
0.25,25.95024211399736,NaN
0.2684200049420297,25.95024211399736,NaN
0.28819719621231704,25.95024211399736,NaN
0.309431571326357,25.95024211399736,NaN
0.3322304956185631,25.95024211399736,NaN
0.35670924510331076,25.95024211399736,NaN
0.38299158933399347,25.95024211399736,NaN
0.41121041720714535,25.95024211399736,NaN
0.44150840887582427,25.95024211399736,NaN
0.47403875716958577,25.95024211399736,NaN
0.5089659421686953,25.95024211399736,NaN
0.5464665628489841,25.95024211399736,NaN
0.5867302300023132,25.95024211399736,1.4152304964462308
0.6299605249474366,25.95024211399736,1.2353140480811746
0.6763760288786983,25.95024211399736,1.1262997112354718
0.7262114280571625,25.95024211399736,1.0573517808828732
0.7797187004322481,25.95024211399736,1.012677711686923
0.8371683896936681,25.95024211399736,0.9833852800227709
0.8988509731955419,25.95024211399736,0.9641220056386557
0.9650783306691824,25.95024211399736,0.9515106084341861
1.0361853211506709,25.95024211399736,0.9433494029969098
1.1125314760964868,25.95024211399736,0.9381716517637213
1.1945028172479306,25.95024211399736,0.9349872404296338
1.2825138084358318,25.95024211399736,0.9331234114089864
1.3770094511942694,25.95024211399736,0.9321225426312882
1.4784675347791496,25.95024211399736,0.9316744649245963
1.5874010519681994,25.95024211399736,0.9315706032994525
1.7043607928571491,25.95024211399736,0.9316724002125234
1.8299381297668706,25.95024211399736,0.9318893457995678
1.9647680073425282,25.95024211399736,0.9321636178928574
2.1095321529632933,25.95024211399736,0.9324593394507409
2.2649625236951114,25.95024211399736,0.9327551018354585
2.4318450072150157,25.95024211399736,0.9330388140822312
2.611023395419619,25.95024211399736,0.9333042135753409
2.8034036508091575,25.95024211399736,0.933548555070117
3.009958487218793,25.95024211399736,0.9337711301027567
3.231732288058291,25.95024211399736,0.9339723537684044
3.4698463869276943,25.95024211399736,0.9341532281282785
3.7255047373088623,25.95024211399736,0.9343150427605997
4.0,25.95024211399736,0.9344592151859785
0.25,27.1858824273294,NaN
0.2684200049420297,27.1858824273294,NaN
0.28819719621231704,27.1858824273294,NaN
0.309431571326357,27.1858824273294,NaN
0.3322304956185631,27.1858824273294,NaN
0.35670924510331076,27.1858824273294,NaN
0.38299158933399347,27.1858824273294,NaN
0.41121041720714535,27.1858824273294,NaN
0.44150840887582427,27.1858824273294,NaN
0.47403875716958577,27.1858824273294,NaN
0.5089659421686953,27.1858824273294,NaN
0.5464665628489841,27.1858824273294,NaN
0.5867302300023132,27.1858824273294,1.4393065482349083
0.6299605249474366,27.1858824273294,1.2516082296511364
0.6763760288786983,27.1858824273294,1.1381659738364953
0.7262114280571625,27.1858824273294,1.0664913055092438
0.7797187004322481,27.1858824273294,1.0200492937504642
0.8371683896936681,27.1858824273294,0.9895705830029384
0.8988509731955419,27.1858824273294,0.9694927225974297
0.9650783306691824,27.1858824273294,0.9563130213516682
1.0361853211506709,27.1858824273294,0.9477507558803084
1.1125314760964868,27.1858824273294,0.942287339407023
1.1945028172479306,27.1858824273294,0.9388976570405307
1.2825138084358318,27.1858824273294,0.9368848641098197
1.3770094511942694,27.1858824273294,0.9357745672617619
1.4784675347791496,27.1858824273294,0.9352448556195021
1.5874010519681994,27.1858824273294,0.9350789282468495
1.7043607928571491,27.1858824273294,0.9351324811467241
1.8299381297668706,27.1858824273294,0.9353110151966759
1.9647680073425282,27.1858824273294,0.9355539608779724
2.1095321529632933,27.1858824273294,0.9358235642618129
2.2649625236951114,27.1858824273294,0.9360971438809268
2.4318450072150157,27.1858824273294,0.9363617475650321
2.611023395419619,27.1858824273294,0.9366105251122555
2.8034036508091575,27.1858824273294,0.9368403222921893
3.009958487218793,27.1858824273294,0.9370501339073
3.231732288058291,27.1858824273294,0.9372401478350381
3.4698463869276943,27.1858824273294,0.9374111817239985
3.7255047373088623,27.1858824273294,0.9375643680567614
4.0,27.1858824273294,0.9377009862985755
0.25,28.48035868435802,NaN
0.2684200049420297,28.48035868435802,NaN
0.28819719621231704,28.48035868435802,NaN
0.309431571326357,28.48035868435802,NaN
0.3322304956185631,28.48035868435802,NaN
0.35670924510331076,28.48035868435802,NaN
0.38299158933399347,28.48035868435802,NaN
0.41121041720714535,28.48035868435802,NaN
0.44150840887582427,28.48035868435802,NaN
0.47403875716958577,28.48035868435802,NaN
0.5089659421686953,28.48035868435802,NaN
0.5464665628489841,28.48035868435802,NaN
0.5867302300023132,28.48035868435802,1.4622147068659512
0.6299605249474366,28.48035868435802,1.2670489718947602
0.6763760288786983,28.48035868435802,1.1493775486948183
0.7262114280571625,28.48035868435802,1.075106277027108
0.7797187004322481,28.48035868435802,1.026983880322335
0.8371683896936681,28.48035868435802,0.9953789481656449
0.8988509731955419,28.48035868435802,0.9745282577125975
0.9650783306691824,28.48035868435802,0.9608095743342471
1.0361853211506709,28.48035868435802,0.9518670103180127
1.1125314760964868,28.48035868435802,0.9461327515220027
1.1945028172479306,28.48035868435802,0.9425484840639857
1.2825138084358318,28.48035868435802,0.9403945267957639
1.3770094511942694,28.48035868435802,0.9391805865226799
1.4784675347791496,28.48035868435802,0.9385736170218408
1.5874010519681994,28.48035868435802,0.9383490112494683
1.7043607928571491,28.48035868435802,0.9383570088115847
1.8299381297668706,28.48035868435802,0.9384993199954001
1.9647680073425282,28.48035868435802,0.938712761187655
2.1095321529632933,28.48035868435802,0.9389577924756896
2.2649625236951114,28.48035868435802,0.9392105204977447
2.4318450072150157,28.48035868435802,0.9394571730883323
2.611023395419619,28.48035868435802,0.9396903416522865
2.8034036508091575,28.48035868435802,0.9399064836716188
3.009958487218793,28.48035868435802,0.9401043132387891
3.231732288058291,28.48035868435802,0.9402838039993092
3.4698463869276943,28.48035868435802,0.9404456002228749
3.7255047373088623,28.48035868435802,0.9405906869448526
4.0,28.48035868435802,0.9407202139290445
0.25,29.836472402833387,NaN
0.2684200049420297,29.836472402833387,NaN
0.28819719621231704,29.836472402833387,NaN
0.309431571326357,29.836472402833387,NaN
0.3322304956185631,29.836472402833387,NaN
0.35670924510331076,29.836472402833387,NaN
0.38299158933399347,29.836472402833387,NaN
0.41121041720714535,29.836472402833387,NaN
0.44150840887582427,29.836472402833387,NaN
0.47403875716958577,29.836472402833387,NaN
0.5089659421686953,29.836472402833387,NaN
0.5464665628489841,29.836472402833387,NaN
0.5867302300023132,29.836472402833387,1.487351453634212
0.6299605249474366,29.836472402833387,1.2839231210237108
0.6763760288786983,29.836472402833387,1.1615939204881376
0.7262114280571625,29.836472402833387,1.0844713733586908
0.7797187004322481,29.836472402833387,1.0345072730526077
0.8371683896936681,29.836472402833387,1.0016694401565467
0.8988509731955419,29.836472402833387,0.9799732854286984
0.9650783306691824,29.836472402833387,0.9656651753469142
1.0361853211506709,29.836472402833387,0.9563067962896189
1.1125314760964868,29.836472402833387,0.9502764379890569
1.1945028172479306,29.836472402833387,0.9464794758340127
1.2825138084358318,29.836472402833387,0.9441712630729031
1.3770094511942694,29.836472402833387,0.942844125698691
1.4784675347791496,29.836472402833387,0.9421528409334319
1.5874010519681994,29.836472402833387,0.9418642604999407
1.7043607928571491,29.836472402833387,0.9418226510059431
1.8299381297668706,29.836472402833387,0.9419255678932276
1.9647680073425282,29.836472402833387,0.9421069616834608
2.1095321529632933,29.836472402833387,0.9423253323244463
2.2649625236951114,29.836472402833387,0.9425554558056621
2.4318450072150157,29.836472402833387,0.9427826602941453
2.611023395419619,29.836472402833387,0.9429989246857461
2.8034036508091575,29.836472402833387,0.9432002815357314
3.009958487218793,29.836472402833387,0.9433851386685037
3.231732288058291,29.836472402833387,0.9435532367770041
3.4698463869276943,29.836472402833387,0.9437050321405824
3.7255047373088623,29.836472402833387,0.943841350198676
4.0,29.836472402833387,0.9439632008145846
0.25,31.25715849688237,NaN
0.2684200049420297,31.25715849688237,NaN
0.28819719621231704,31.25715849688237,NaN
0.309431571326357,31.25715849688237,NaN
0.3322304956185631,31.25715849688237,NaN
0.35670924510331076,31.25715849688237,NaN
0.38299158933399347,31.25715849688237,NaN
0.41121041720714535,31.25715849688237,NaN
0.44150840887582427,31.25715849688237,NaN
0.47403875716958577,31.25715849688237,NaN
0.5089659421686953,31.25715849688237,NaN
0.5464665628489841,31.25715849688237,NaN
0.5867302300023132,31.25715849688237,1.5080528906694868
0.6299605249474366,31.25715849688237,1.2977673476021185
0.6763760288786983,31.25715849688237,1.1715892975556241
0.7262114280571625,31.25715849688237,1.0921171731811996
0.7797187004322481,31.25715849688237,1.0406381118944579
0.8371683896936681,31.25715849688237,1.006787220793973
0.8988509731955419,31.25715849688237,0.9843968012424865
0.9650783306691824,31.25715849688237,0.969604839872824
1.0361853211506709,31.25715849688237,0.9599051836898416
1.1125314760964868,31.25715849688237,0.9536318318675164
1.1945028172479306,31.25715849688237,0.9496603491560844
1.2825138084358318,31.25715849688237,0.9472256009249249
1.3770094511942694,31.25715849688237,0.9458056506583443
1.4784675347791496,31.25715849688237,0.945045280949721
1.5874010519681994,31.25715849688237,0.9447043306349661
1.7043607928571491,31.25715849688237,0.9446221567725961
1.8299381297668706,31.25715849688237,0.9446928988070238
1.9647680073425282,31.25715849688237,0.9448481483826265
2.1095321529632933,31.25715849688237,0.9450447916920863
2.2649625236951114,31.25715849688237,0.9452565086841731
2.4318450072150157,31.25715849688237,0.9454678857247136
2.611023395419619,31.25715849688237,0.9456703979607362
2.8034036508091575,31.25715849688237,0.9458597288853046
3.009958487218793,31.25715849688237,0.9460340354096983
3.231732288058291,31.25715849688237,0.9461928679865457
3.4698463869276943,31.25715849688237,0.9463365297830897
3.7255047373088623,31.25715849688237,0.9464657164705592
4.0,31.25715849688237,0.9465813240642937
0.25,32.74549162877728,NaN
0.2684200049420297,32.74549162877728,NaN
0.28819719621231704,32.74549162877728,NaN
0.309431571326357,32.74549162877728,NaN
0.3322304956185631,32.74549162877728,NaN
0.35670924510331076,32.74549162877728,NaN
0.38299158933399347,32.74549162877728,NaN
0.41121041720714535,32.74549162877728,NaN
0.44150840887582427,32.74549162877728,NaN
0.47403875716958577,32.74549162877728,NaN
0.5089659421686953,32.74549162877728,NaN
0.5464665628489841,32.74549162877728,NaN
0.5867302300023132,32.74549162877728,1.534512804998281
0.6299605249474366,32.74549162877728,1.3153955219897089
0.6763760288786983,32.74549162877728,1.184281749254988
0.7262114280571625,32.74549162877728,1.101804899001555
0.7797187004322481,32.74549162877728,1.0483918973833102
0.8371683896936681,32.74549162877728,1.0132492048360295
0.8988509731955419,32.74549162877728,0.9899740650342141
0.9650783306691824,32.74549162877728,0.9745657329933091
1.0361853211506709,32.74549162877728,0.9644314056057296
1.1125314760964868,32.74549162877728,0.9578485985079674
1.1945028172479306,32.74549162877728,0.9536548934388611
1.2825138084358318,32.74549162877728,0.951059066551813
1.3770094511942694,32.74549162877728,0.9495210185615597
1.4784675347791496,32.74549162877728,0.9486728023801294
1.5874010519681994,32.74549162877728,0.9482653194049007
1.7043607928571491,32.74549162877728,0.9481316669344455
1.8299381297668706,32.74549162877728,0.9481616254827927
1.9647680073425282,32.74549162877728,0.9482837745715511
2.1095321529632933,32.74549162877728,0.9484529372621642
2.2649625236951114,32.74549162877728,0.9486413925612518
2.4318450072150157,32.74549162877728,0.9488327790852479
2.611023395419619,32.74549162877728,0.9490179283234826
2.8034036508091575,32.74549162877728,0.9491920787184271
3.009958487218793,32.74549162877728,0.9493530681480078
3.231732288058291,32.74549162877728,0.9495002059269311
3.4698463869276943,32.74549162877728,0.9496336016858221
3.7255047373088623,32.74549162877728,0.9497537873465911
4.0,32.74549162877728,0.9498615153509957
0.25,34.30469286314917,NaN
0.2684200049420297,34.30469286314917,NaN
0.28819719621231704,34.30469286314917,NaN
0.309431571326357,34.30469286314917,NaN
0.3322304956185631,34.30469286314917,NaN
0.35670924510331076,34.30469286314917,NaN
0.38299158933399347,34.30469286314917,NaN
0.41121041720714535,34.30469286314917,NaN
0.44150840887582427,34.30469286314917,NaN
0.47403875716958577,34.30469286314917,NaN
0.5089659421686953,34.30469286314917,NaN
0.5464665628489841,34.30469286314917,NaN
0.5867302300023132,34.30469286314917,NaN
0.6299605249474366,34.30469286314917,1.330092033162044
0.6763760288786983,34.30469286314917,1.1948342067916693
0.7262114280571625,34.30469286314917,1.1098415931663599
0.7797187004322481,34.30469286314917,1.0548122683723675
0.8371683896936681,34.30469286314917,1.018591138865362
0.8988509731955419,34.30469286314917,0.9945778913376869
0.9650783306691824,34.30469286314917,0.9786555134245682
1.0361853211506709,34.30469286314917,0.9681587407861119
1.1125314760964868,34.30469286314917,0.9613179270570127
1.1945028172479306,34.30469286314917,0.9569389723552186
1.2825138084358318,34.30469286314917,0.9542089001424128
1.3770094511942694,34.30469286314917,0.9525724705833742
1.4784675347791496,34.30469286314917,0.9516511218058147
1.5874010519681994,34.30469286314917,0.9511882990380309
1.7043607928571491,34.30469286314917,0.9510118748916176
1.8299381297668706,34.30469286314917,0.951007987519487
1.9647680073425282,34.30469286314917,0.951102698448657
2.1095321529632933,34.30469286314917,0.9512491051326681
2.2649625236951114,34.30469286314917,0.951418313895771
2.4318450072150157,34.30469286314917,0.9515931701975116
2.611023395419619,34.30469286314917,0.9517639672680898
2.8034036508091575,34.30469286314917,0.9519255720269586
3.009958487218793,34.30469286314917,0.9520755565334742
3.231732288058291,34.30469286314917,0.9522130304012003
3.4698463869276943,34.30469286314917,0.9523379428832245
3.7255047373088623,34.30469286314917,0.9524506906266456
4.0,34.30469286314917,0.9525519075416418
0.25,35.938136638046274,NaN
0.2684200049420297,35.938136638046274,NaN
0.28819719621231704,35.938136638046274,NaN
0.309431571326357,35.938136638046274,NaN
0.3322304956185631,35.938136638046274,NaN
0.35670924510331076,35.938136638046274,NaN
0.38299158933399347,35.938136638046274,NaN
0.41121041720714535,35.938136638046274,NaN
0.44150840887582427,35.938136638046274,NaN
0.47403875716958577,35.938136638046274,NaN
0.5089659421686953,35.938136638046274,NaN
0.5464665628489841,35.938136638046274,NaN
0.5867302300023132,35.938136638046274,NaN
0.6299605249474366,35.938136638046274,1.3464242022151074
0.6763760288786983,35.938136638046274,1.2065307775814815
0.7262114280571625,35.938136638046274,1.1187313286826195
0.7797187004322481,35.938136638046274,1.0619017172481857
0.8371683896936681,35.938136638046274,1.0244806769584396
0.8988509731955419,35.938136638046274,0.999646693825315
0.9650783306691824,35.938136638046274,0.9831529176596747
1.0361853211506709,35.938136638046274,0.9722533305188121
1.1125314760964868,35.938136638046274,0.9651258038359432
1.1945028172479306,35.938136638046274,0.9605410145185276
1.2825138084358318,35.938136638046274,0.9576618135843533
1.3770094511942694,35.938136638046274,0.9559161384094981
1.4784675347791496,35.938136638046274,0.9549136302553172
1.5874010519681994,35.938136638046274,0.9543894440479289
1.7043607928571491,35.938136638046274,0.9541656394895303
1.8299381297668706,35.938136638046274,0.9541243004746345
1.9647680073425282,35.938136638046274,0.9541886831335056
2.1095321529632933,35.938136638046274,0.9543099612605483
2.2649625236951114,35.938136638046274,0.9544579331772092
2.4318450072150157,35.938136638046274,0.9546145602331666
2.611023395419619,35.938136638046274,0.9547695355814125
2.8034036508091575,35.938136638046274,0.9549173127558784
3.009958487218793,35.938136638046274,0.9550551692270657
3.231732288058291,35.938136638046274,0.9551819927309193
3.4698463869276943,35.938136638046274,0.9552975559619434
3.7255047373088623,35.938136638046274,0.9554021065270932
4.0,35.938136638046274,0.9554961478476718
0.25,37.64935806792467,NaN
0.2684200049420297,37.64935806792467,NaN
0.28819719621231704,37.64935806792467,NaN
0.309431571326357,37.64935806792467,NaN
0.3322304956185631,37.64935806792467,NaN
0.35670924510331076,37.64935806792467,NaN
0.38299158933399347,37.64935806792467,NaN
0.41121041720714535,37.64935806792467,NaN
0.44150840887582427,37.64935806792467,NaN
0.47403875716958577,37.64935806792467,NaN
0.5089659421686953,37.64935806792467,NaN
0.5464665628489841,37.64935806792467,NaN
0.5867302300023132,37.64935806792467,NaN
0.6299605249474366,37.64935806792467,1.362195624997423
0.6763760288786983,37.64935806792467,1.217796203442786
0.7262114280571625,37.64935806792467,1.127275567466496
0.7797187004322481,37.64935806792467,1.068703590041165
0.8371683896936681,37.64935806792467,1.030122493001489
0.8988509731955419,37.64935806792467,1.0044955395715238
0.9650783306691824,37.64935806792467,0.9874498867376255
1.0361853211506709,37.64935806792467,0.9761613153498214
1.1125314760964868,37.64935806792467,0.9687569490430544
1.1945028172479306,37.64935806792467,0.9639734377023623
1.2825138084358318,37.64935806792467,0.9609502941610724
1.3770094511942694,37.64935806792467,0.9590992130168081
1.4784675347791496,37.64935806792467,0.9580184444091098
1.5874010519681994,37.64935806792467,0.9574351348759604
1.7043607928571491,37.64935806792467,0.9571657250980674
1.8299381297668706,37.64935806792467,0.9570883773494376
1.9647680073425282,37.64935806792467,0.9571236319578704
2.1095321529632933,37.64935806792467,0.9572207999060593
2.2649625236951114,37.64935806792467,0.9573484122301003
2.4318450072150157,37.64935806792467,0.9574875726896668
2.611023395419619,37.64935806792467,0.9576273937416797
2.8034036508091575,37.64935806792467,0.957761929218873
3.009958487218793,37.64935806792467,0.9578881722612632
3.231732288058291,37.64935806792467,0.9580047976552912
3.4698463869276943,37.64935806792467,0.958111408582569
3.7255047373088623,37.64935806792467,0.9582081100052576
4.0,37.64935806792467,0.9582952804347242
0.25,39.442060594376564,NaN
0.2684200049420297,39.442060594376564,NaN
0.28819719621231704,39.442060594376564,NaN
0.309431571326357,39.442060594376564,NaN
0.3322304956185631,39.442060594376564,NaN
0.35670924510331076,39.442060594376564,NaN
0.38299158933399347,39.442060594376564,NaN
0.41121041720714535,39.442060594376564,NaN
0.44150840887582427,39.442060594376564,NaN
0.47403875716958577,39.442060594376564,NaN
0.5089659421686953,39.442060594376564,NaN
0.5464665628489841,39.442060594376564,NaN
0.5867302300023132,39.442060594376564,NaN
0.6299605249474366,39.442060594376564,1.3774739207512248
0.6763760288786983,39.442060594376564,1.2286823997441985
0.7262114280571625,39.442060594376564,1.1355159304210527
0.7797187004322481,39.442060594376564,1.075252579623832
0.8371683896936681,39.442060594376564,1.03554652810189
0.8988509731955419,39.442060594376564,1.0091510663079084
0.9650783306691824,39.442060594376564,0.9915707388303878
1.0361853211506709,39.442060594376564,0.9799053711191045
1.1125314760964868,39.442060594376564,0.9722328657063877
1.1945028172479306,39.442060594376564,0.9672569004017919
1.2825138084358318,39.442060594376564,0.9640943823588982
1.3770094511942694,39.442060594376564,0.962141276880947
1.4784675347791496,39.442060594376564,0.9609848000272307
1.5874010519681994,39.442060594376564,0.9603443390176217
1.7043607928571491,39.442060594376564,0.9600308859590403
1.8299381297668706,39.442060594376564,0.9599187985189146
1.9647680073425282,39.442060594376564,0.9599259813516368
2.1095321529632933,39.442060594376564,0.9599999347626573
2.2649625236951114,39.442060594376564,0.9601079584187078
2.4318450072150157,39.442060594376564,0.9602303230255003
2.611023395419619,39.442060594376564,0.9603555767928327
2.8034036508091575,39.442060594376564,0.9604773858758553
3.009958487218793,39.442060594376564,0.960592468279142
3.231732288058291,39.442060594376564,0.9606992933132315
3.4698463869276943,39.442060594376564,0.9607973010363908
3.7255047373088623,39.442060594376564,0.9608864593089461
4.0,39.442060594376564,0.9609670268391778
0.25,41.32012400115337,NaN
0.2684200049420297,41.32012400115337,NaN
0.28819719621231704,41.32012400115337,NaN
0.309431571326357,41.32012400115337,NaN
0.3322304956185631,41.32012400115337,NaN
0.35670924510331076,41.32012400115337,NaN
0.38299158933399347,41.32012400115337,NaN
0.41121041720714535,41.32012400115337,NaN
0.44150840887582427,41.32012400115337,NaN
0.47403875716958577,41.32012400115337,NaN
0.5089659421686953,41.32012400115337,NaN
0.5464665628489841,41.32012400115337,NaN
0.5867302300023132,41.32012400115337,NaN
0.6299605249474366,41.32012400115337,1.3923339785244666
0.6763760288786983,41.32012400115337,1.239245742253323
0.7262114280571625,41.32012400115337,1.1434969587976536
0.7797187004322481,41.32012400115337,1.0815853790278092
0.8371683896936681,41.32012400115337,1.0407841381841896
0.8988509731955419,41.32012400115337,1.013640937410764
0.9650783306691824,41.32012400115337,0.9955405509698132
1.0361853211506709,41.32012400115337,0.9835087457811357
1.1125314760964868,41.32012400115337,0.9755754975636508
1.1945028172479306,41.32012400115337,0.9704124064819406
1.2825138084358318,41.32012400115337,0.9671143979554266
1.3770094511942694,41.32012400115337,0.9650621439320606
1.4784675347791496,41.32012400115337,0.9638321307859363
1.5874010519681994,41.32012400115337,0.9631361967986802
1.7043607928571491,41.32012400115337,0.9627800314187922
1.8299381297668706,41.32012400115337,0.9626342876675917
1.9647680073425282,41.32012400115337,0.9626143003200911
2.1095321529632933,41.32012400115337,0.9626658049464167
2.2649625236951114,41.32012400115337,0.9627548997780839
2.4318450072150157,41.32012400115337,0.9628610428122967
2.611023395419619,41.32012400115337,0.9629722320785834
2.8034036508091575,41.32012400115337,0.9630817562213023
3.009958487218793,41.32012400115337,0.9631860659206708
3.231732288058291,41.32012400115337,0.963283431357122
3.4698463869276943,41.32012400115337,0.9633731349095882
3.7255047373088623,41.32012400115337,0.9634550122074989
4.0,41.32012400115337,0.9635292061725662
0.25,43.287612810830595,NaN
0.2684200049420297,43.287612810830595,NaN
0.28819719621231704,43.287612810830595,NaN
0.309431571326357,43.287612810830595,NaN
0.3322304956185631,43.287612810830595,NaN
0.35670924510331076,43.287612810830595,NaN
0.38299158933399347,43.287612810830595,NaN
0.41121041720714535,43.287612810830595,NaN
0.44150840887582427,43.287612810830595,NaN
0.47403875716958577,43.287612810830595,NaN
0.5089659421686953,43.287612810830595,NaN
0.5464665628489841,43.287612810830595,NaN
0.5867302300023132,43.287612810830595,NaN
0.6299605249474366,43.287612810830595,1.406855899452764
0.6763760288786983,43.287612810830595,1.2495456285889674
0.7262114280571625,43.287612810830595,1.1512650486098974
0.7797187004322481,43.287612810830595,1.0877398537854286
0.8371683896936681,43.287612810830595,1.0458674248782986
0.8988509731955419,43.287612810830595,1.017993281086025
0.9650783306691824,43.287612810830595,0.9993846736575367
1.0361853211506709,43.287612810830595,0.9869948278885581
1.1125314760964868,43.287612810830595,0.9788068342108228
1.1945028172479306,43.287612810830595,0.9734609389235278
1.2825138084358318,43.287612810830595,0.970030592045491
1.3770094511942694,43.287612810830595,0.967881525777792
1.4784675347791496,43.287612810830595,0.966579743564425
1.5874010519681994,43.287612810830595,0.965829705809772
1.7043607928571491,43.287612810830595,0.9654319171156174
1.8299381297668706,43.287612810830595,0.9652534052431454
1.9647680073425282,43.287612810830595,0.9652069897125994
2.1095321529632933,43.287612810830595,0.9652366772122962
2.2649625236951114,43.287612810830595,0.9653073886167046
2.4318450072150157,43.287612810830595,0.9653977854382945
2.611023395419619,43.287612810830595,0.9654953267619135
2.8034036508091575,43.287612810830595,0.9655929318973424
3.009958487218793,43.287612810830595,0.9656867902551965
3.231732288058291,43.287612810830595,0.965774978601185
3.4698463869276943,43.287612810830595,0.9658566259018366
3.7255047373088623,43.287612810830595,0.965931439547158
4.0,43.287612810830595,0.9659994506010356
0.25,45.34878508128582,NaN
0.2684200049420297,45.34878508128582,NaN
0.28819719621231704,45.34878508128582,NaN
0.309431571326357,45.34878508128582,NaN
0.3322304956185631,45.34878508128582,NaN
0.35670924510331076,45.34878508128582,NaN
0.38299158933399347,45.34878508128582,NaN
0.41121041720714535,45.34878508128582,NaN
0.44150840887582427,45.34878508128582,NaN
0.47403875716958577,45.34878508128582,NaN
0.5089659421686953,45.34878508128582,NaN
0.5464665628489841,45.34878508128582,NaN
0.5867302300023132,45.34878508128582,NaN
0.6299605249474366,45.34878508128582,1.423292160342382
0.6763760288786983,45.34878508128582,1.2611764603045272
0.7262114280571625,45.34878508128582,1.1600207919258572
0.7797187004322481,45.34878508128582,1.0946659528121998
0.8371683896936681,45.34878508128582,1.0515800987657404
0.8988509731955419,45.34878508128582,1.0228784347927962
0.9650783306691824,45.34878508128582,1.003694640832197
1.0361853211506709,45.34878508128582,0.9908996426234669
1.1125314760964868,45.34878508128582,0.9824234095300768
1.1945028172479306,45.34878508128582,0.976870694968045
1.2825138084358318,45.34878508128582,0.97329065050505
1.3770094511942694,45.34878508128582,0.9710321063074987
1.4784675347791496,45.34878508128582,0.9696492050470182
1.5874010519681994,45.34878508128582,0.9688380563957661
1.7043607928571491,45.34878508128582,0.9683932934644273
1.8299381297668706,45.34878508128582,0.968177836185605
1.9647680073425282,45.34878508128582,0.9681016521916006
2.1095321529632933,45.34878508128582,0.9681067867372999
2.2649625236951114,45.34878508128582,0.9681568243953957
2.4318450072150157,45.34878508128582,0.9682295225848044
2.611023395419619,45.34878508128582,0.9683117286514992
2.8034036508091575,45.34878508128582,0.9683959438257659
3.009958487218793,45.34878508128582,0.968478062378041
3.231732288058291,45.34878508128582,0.9685559419579306
3.4698463869276943,45.34878508128582,0.9686285394034182
3.7255047373088623,45.34878508128582,0.9686954180752585
4.0,45.34878508128582,0.968756483387694
0.25,47.508101621027954,NaN
0.2684200049420297,47.508101621027954,NaN
0.28819719621231704,47.508101621027954,NaN
0.309431571326357,47.508101621027954,NaN
0.3322304956185631,47.508101621027954,NaN
0.35670924510331076,47.508101621027954,NaN
0.38299158933399347,47.508101621027954,NaN
0.41121041720714535,47.508101621027954,NaN
0.44150840887582427,47.508101621027954,NaN
0.47403875716958577,47.508101621027954,NaN
0.5089659421686953,47.508101621027954,NaN
0.5464665628489841,47.508101621027954,NaN
0.5867302300023132,47.508101621027954,NaN
0.6299605249474366,47.508101621027954,1.4373632210826695
0.6763760288786983,47.508101621027954,1.2711115477341661
0.7262114280571625,47.508101621027954,1.16748670337168
0.7797187004322481,47.508101621027954,1.1005628123307392
0.8371683896936681,47.508101621027954,1.0564373293927654
0.8988509731955419,47.508101621027954,1.0270270683116864
0.9650783306691824,47.508101621027954,1.007350901286991
1.0361853211506709,47.508101621027954,0.9942091375963578
1.1125314760964868,47.508101621027954,0.9854862246932627
1.1945028172479306,47.508101621027954,0.9797565272811674
1.2825138084358318,47.508101621027954,0.9760484010894364
1.3770094511942694,47.508101621027954,0.9736962149497685
1.4784675347791496,47.508101621027954,0.9722439601972102
1.5874010519681994,47.508101621027954,0.9713805976690425
1.7043607928571491,47.508101621027954,0.9708957323450285
1.8299381297668706,47.508101621027954,0.9706487630868885
1.9647680073425282,47.508101621027954,0.9705472122372922
2.1095321529632933,47.508101621027954,0.9705314421245375
2.2649625236951114,47.508101621027954,0.9705638900479187
2.4318450072150157,47.508101621027954,0.9706215377114527
2.611023395419619,47.508101621027954,0.9706907077559175
2.8034036508091575,47.508101621027954,0.9707635422001096
3.009958487218793,47.508101621027954,0.9708356830894871
3.231732288058291,47.508101621027954,0.9709048014317063
3.4698463869276943,47.508101621027954,0.9709697074855572
3.7255047373088623,47.508101621027954,0.9710298422234658
4.0,47.508101621027954,0.9710850043489666
0.25,49.770235643321115,NaN
0.2684200049420297,49.770235643321115,NaN
0.28819719621231704,49.770235643321115,NaN
0.309431571326357,49.770235643321115,NaN
0.3322304956185631,49.770235643321115,NaN
0.35670924510331076,49.770235643321115,NaN
0.38299158933399347,49.770235643321115,NaN
0.41121041720714535,49.770235643321115,NaN
0.44150840887582427,49.770235643321115,NaN
0.47403875716958577,49.770235643321115,NaN
0.5089659421686953,49.770235643321115,NaN
0.5464665628489841,49.770235643321115,NaN
0.5867302300023132,49.770235643321115,NaN
0.6299605249474366,49.770235643321115,1.4513498006535206
0.6763760288786983,49.770235643321115,1.2809673466895632
0.7262114280571625,49.770235643321115,1.1748812071862818
0.7797187004322481,49.770235643321115,1.1063953055410543
0.8371683896936681,49.770235643321115,1.061235729046056
0.8988509731955419,49.770235643321115,1.0311210026599578
0.9650783306691824,49.770235643321115,1.010955471729973
1.0361853211506709,49.770235643321115,0.9974691107854565
1.1125314760964868,49.770235643321115,0.988501079562284
1.1945028172479306,49.770235643321115,0.9825955333441023
1.2825138084358318,49.770235643321115,0.9787601642676795
1.3770094511942694,49.770235643321115,0.9763149727118118
1.4784675347791496,49.770235643321115,0.9747938640760954
1.5874010519681994,49.770235643321115,0.9738786937808295
1.7043607928571491,49.770235643321115,0.9733540663640619
1.8299381297668706,49.770235643321115,0.9730758783857179
1.9647680073425282,49.770235643321115,0.9729492178510111
2.1095321529632933,49.770235643321115,0.9729127707453052
2.2649625236951114,49.770235643321115,0.9729278322230024
2.4318450072150157,49.770235643321115,0.972970609878477
2.611023395419619,49.770235643321115,0.9730269038919948
2.8034036508091575,49.770235643321115,0.9730884993012239
3.009958487218793,49.770235643321115,0.9731507873631494
3.231732288058291,49.770235643321115,0.9732112541838647
3.4698463869276943,49.770235643321115,0.9732685650306182
3.7255047373088623,49.770235643321115,0.9733220400786868
4.0,49.770235643321115,0.9733713727621243
0.25,52.14008287999685,NaN
0.2684200049420297,52.14008287999685,NaN
0.28819719621231704,52.14008287999685,NaN
0.309431571326357,52.14008287999685,NaN
0.3322304956185631,52.14008287999685,NaN
0.35670924510331076,52.14008287999685,NaN
0.38299158933399347,52.14008287999685,NaN
0.41121041720714535,52.14008287999685,NaN
0.44150840887582427,52.14008287999685,NaN
0.47403875716958577,52.14008287999685,NaN
0.5089659421686953,52.14008287999685,NaN
0.5464665628489841,52.14008287999685,NaN
0.5867302300023132,52.14008287999685,NaN
0.6299605249474366,52.14008287999685,1.467431843289182
0.6763760288786983,52.14008287999685,1.2922761657597435
0.7262114280571625,52.14008287999685,1.183351663844179
0.7797187004322481,52.14008287999685,1.1130668971829345
0.8371683896936681,52.14008287999685,1.0667174731499283
0.8988509731955419,52.14008287999685,1.0357926106057782
0.9650783306691824,52.14008287999685,1.0150644782823268
1.0361853211506709,52.14008287999685,1.0011820077352134
1.1125314760964868,52.14008287999685,0.9919322388142092
1.1945028172479306,52.14008287999685,0.9858245888857379
1.2825138084358318,52.14008287999685,0.9818430004403518
1.3770094511942694,52.14008287999685,0.9792909604615894
1.4784675347791496,52.14008287999685,0.9776907832771615
1.5874010519681994,52.14008287999685,0.9767161545925274
1.7043607928571491,52.14008287999685,0.9761459276971594
1.8299381297668706,52.14008287999685,0.9758319686118071
1.9647680073425282,52.14008287999685,0.9756765619612484
2.1095321529632933,52.14008287999685,0.9756164633504482
2.2649625236951114,52.14008287999685,0.9756116499058035
2.4318450072150157,52.14008287999685,0.975637437909582
2.611023395419619,52.14008287999685,0.9756790251803136
2.8034036508091575,52.14008287999685,0.975727785825516
3.009958487218793,52.14008287999685,0.9757788228607447
3.231732288058291,52.14008287999685,0.975829410525702
3.4698463869276943,52.14008287999685,0.9758780482645852
3.7255047373088623,52.14008287999685,0.975923918363951
4.0,52.14008287999685,0.9759665941814243
0.25,54.62277217684343,NaN
0.2684200049420297,54.62277217684343,NaN
0.28819719621231704,54.62277217684343,NaN
0.309431571326357,54.62277217684343,NaN
0.3322304956185631,54.62277217684343,NaN
0.35670924510331076,54.62277217684343,NaN
0.38299158933399347,54.62277217684343,NaN
0.41121041720714535,54.62277217684343,NaN
0.44150840887582427,54.62277217684343,NaN
0.47403875716958577,54.62277217684343,NaN
0.5089659421686953,54.62277217684343,NaN
0.5464665628489841,54.62277217684343,NaN
0.5867302300023132,54.62277217684343,NaN
0.6299605249474366,54.62277217684343,1.4814777344554677
0.6763760288786983,54.62277217684343,1.3021330882516273
0.7262114280571625,54.62277217684343,1.1907225145583997
0.7797187004322481,54.62277217684343,1.1188642360881427
0.8371683896936681,54.62277217684343,1.0714749221543096
0.8988509731955419,54.62277217684343,1.0398423995234218
0.9650783306691824,54.62277217684343,1.0186229752320992
1.0361853211506709,54.62277217684343,1.0043946527174852
1.1125314760964868,54.62277217684343,0.9948989117881197
1.1945028172479306,54.62277217684343,0.9886148281127878
1.2825138084358318,54.62277217684343,0.9845056091509041
1.3770094511942694,54.62277217684343,0.9818603280847271
1.4784675347791496,54.62277217684343,0.9801911794137412
1.5874010519681994,54.62277217684343,0.9791647152812986
1.7043607928571491,54.62277217684343,0.9785547642609584
1.8299381297668706,54.62277217684343,0.978209669267674
1.9647680073425282,54.62277217684343,0.9780292632876608
2.1095321529632933,54.62277217684343,0.9779486120146182
2.2649625236951114,54.62277217684343,0.9779265393697856
2.4318450072150157,54.62277217684343,0.9779375809635629
2.611023395419619,54.62277217684343,0.9779664073865466
2.8034036508091575,54.62277217684343,0.9780040333202952
3.009958487218793,54.62277217684343,0.9780453103160828
3.231732288058291,54.62277217684343,0.9780873280431988
3.4698463869276943,54.62277217684343,0.9781284419193049
3.7255047373088623,54.62277217684343,0.978167714657248
4.0,54.62277217684343,0.9782046155662949
0.25,57.22367659350217,NaN
0.2684200049420297,57.22367659350217,NaN
0.28819719621231704,57.22367659350217,NaN
0.309431571326357,57.22367659350217,NaN
0.3322304956185631,57.22367659350217,NaN
0.35670924510331076,57.22367659350217,NaN
0.38299158933399347,57.22367659350217,NaN
0.41121041720714535,57.22367659350217,NaN
0.44150840887582427,57.22367659350217,NaN
0.47403875716958577,57.22367659350217,NaN
0.5089659421686953,57.22367659350217,NaN
0.5464665628489841,57.22367659350217,NaN
0.5867302300023132,57.22367659350217,NaN
0.6299605249474366,57.22367659350217,1.4956959037932525
0.6763760288786983,57.22367659350217,1.3120923481418993
0.7262114280571625,57.22367659350217,1.1981586800782964
0.7797187004322481,57.22367659350217,1.124705380298301
0.8371683896936681,57.22367659350217,1.076262796027541
0.8988509731955419,57.22367659350217,1.0439138559625505
0.9650783306691824,57.22367659350217,1.022197194964168
1.0361853211506709,57.22367659350217,1.0076188835140334
1.1125314760964868,57.22367659350217,0.9978742458647294
1.1945028172479306,57.22367659350217,0.9914116421176029
1.2825138084358318,57.22367659350217,0.9871732995996355
1.3770094511942694,57.22367659350217,0.9844337077081348
1.4784675347791496,57.22367659350217,0.9826948217754822
1.5874010519681994,57.22367659350217,0.9816159741596054
1.7043607928571491,57.22367659350217,0.9809659059442681
1.8299381297668706,57.22367659350217,0.9805893909269329
1.9647680073425282,57.22367659350217,0.9803837780223588
2.1095321529632933,57.22367659350217,0.9802824185659031
2.2649625236951114,57.22367659350217,0.9802429668289747
2.4318450072150157,57.22367659350217,0.9802391663556309
2.611023395419619,57.22367659350217,0.980255152927308
2.8034036508091575,57.22367659350217,0.9802815770465496
3.009958487218793,57.22367659350217,0.980313035772806
3.231732288058291,57.22367659350217,0.9803464324710194
3.4698463869276943,57.22367659350217,0.9803799774855708
3.7255047373088623,57.22367659350217,0.9804126132821707
4.0,57.22367659350217,0.9804437046114955
0.25,59.94842503189409,NaN
0.2684200049420297,59.94842503189409,NaN
0.28819719621231704,59.94842503189409,NaN
0.309431571326357,59.94842503189409,NaN
0.3322304956185631,59.94842503189409,NaN
0.35670924510331076,59.94842503189409,NaN
0.38299158933399347,59.94842503189409,NaN
0.41121041720714535,59.94842503189409,NaN
0.44150840887582427,59.94842503189409,NaN
0.47403875716958577,59.94842503189409,NaN
0.5089659421686953,59.94842503189409,NaN
0.5464665628489841,59.94842503189409,NaN
0.5867302300023132,59.94842503189409,NaN
0.6299605249474366,59.94842503189409,1.5101696136282343
0.6763760288786983,59.94842503189409,1.3222119235413423
0.7262114280571625,59.94842503189409,1.2057032497380866
0.7797187004322481,59.94842503189409,1.130624044140508
0.8371683896936681,59.94842503189409,1.0811086376999937
0.8988509731955419,59.94842503189409,1.0480303343879984
0.9650783306691824,59.94842503189409,1.0258075887500067
1.0361853211506709,59.94842503189409,1.0108731090054284
1.1125314760964868,59.94842503189409,1.0008751975321557
1.1945028172479306,59.94842503189409,0.9942309466121411
1.2825138084358318,59.94842503189409,0.9898612335165728
1.3770094511942694,59.94842503189409,0.9870257107425571
1.4784675347791496,59.94842503189409,0.9852159150378997
1.5874010519681994,59.94842503189409,0.9840838307030038
1.7043607928571491,59.94842503189409,0.9833930188843407
1.8299381297668706,59.94842503189409,0.9829846178906042
1.9647680073425282,59.94842503189409,0.9827534440759782
2.1095321529632933,59.94842503189409,0.9826311013687125
2.2649625236951114,59.94842503189409,0.9825740505724799
2.4318450072150157,59.94842503189409,0.982555227099035
2.611023395419619,59.94842503189409,0.9825582211204804
2.8034036508091575,59.94842503189409,0.9825733120529436
3.009958487218793,59.94842503189409,0.982594837982044
3.231732288058291,59.94842503189409,0.9826195131221444
3.4698463869276943,59.94842503189409,0.9826454008590138
3.7255047373088623,59.94842503189409,0.9826713218057783
4.0,59.94842503189409,0.9826965355373362
0.25,62.80291441834253,NaN
0.2684200049420297,62.80291441834253,NaN
0.28819719621231704,62.80291441834253,NaN
0.309431571326357,62.80291441834253,NaN
0.3322304956185631,62.80291441834253,NaN
0.35670924510331076,62.80291441834253,NaN
0.38299158933399347,62.80291441834253,NaN
0.41121041720714535,62.80291441834253,NaN
0.44150840887582427,62.80291441834253,NaN
0.47403875716958577,62.80291441834253,NaN
0.5089659421686953,62.80291441834253,NaN
0.5464665628489841,62.80291441834253,NaN
0.5867302300023132,62.80291441834253,NaN
0.6299605249474366,62.80291441834253,1.5230092663071195
0.6763760288786983,62.80291441834253,1.3311736442822717
0.7262114280571625,62.80291441834253,1.2123752827328236
0.7797187004322481,62.80291441834253,1.1358519119514732
0.8371683896936681,62.80291441834253,1.085384296407683
0.8988509731955419,62.80291441834253,1.0516589215393295
0.9650783306691824,62.80291441834253,1.0289873050726195
1.0361853211506709,62.80291441834253,1.0137369625027082
1.1125314760964868,62.80291441834253,1.0035144532777567
1.1945028172479306,62.80291441834253,0.9967091309608366
1.2825138084358318,62.80291441834253,0.9922229403956377
1.3770094511942694,62.80291441834253,0.9893023791516601
1.4784675347791496,62.80291441834253,0.9874297455524779
1.5874010519681994,62.80291441834253,0.9862505075747765
1.7043607928571491,62.80291441834253,0.9855236297287342
1.8299381297668706,62.80291441834253,0.9850870235137335
1.9647680073425282,62.80291441834253,0.984833256201207
2.1095321529632933,62.80291441834253,0.9846923790864425
2.2649625236951114,62.80291441834253,0.9846197921830433
2.4318450072150157,62.80291441834253,0.9845877123730933
2.611023395419619,62.80291441834253,0.9845792450206555
2.8034036508091575,62.80291441834253,0.9845843398906502
3.009958487218793,62.80291441834253,0.9845971054388256
3.231732288058291,62.80291441834253,0.9846140882444054
3.4698463869276943,62.80291441834253,0.9846332224111671
3.7255047373088623,62.80291441834253,0.9846532213297332
4.0,62.80291441834253,0.9846732509929856
0.25,65.79332246575679,NaN
0.2684200049420297,65.79332246575679,NaN
0.28819719621231704,65.79332246575679,NaN
0.309431571326357,65.79332246575679,NaN
0.3322304956185631,65.79332246575679,NaN
0.35670924510331076,65.79332246575679,NaN
0.38299158933399347,65.79332246575679,NaN
0.41121041720714535,65.79332246575679,NaN
0.44150840887582427,65.79332246575679,NaN
0.47403875716958577,65.79332246575679,NaN
0.5089659421686953,65.79332246575679,NaN
0.5464665628489841,65.79332246575679,NaN
0.5867302300023132,65.79332246575679,NaN
0.6299605249474366,65.79332246575679,NaN
0.6763760288786983,65.79332246575679,1.3404575754698254
0.7262114280571625,65.79332246575679,1.2192781753461213
0.7797187004322481,65.79332246575679,1.1412545529543157
0.8371683896936681,65.79332246575679,1.089798422016981
0.8988509731955419,65.79332246575679,1.0554015884479506
0.9650783306691824,65.79332246575679,1.0322642951074497
1.0361853211506709,65.79332246575679,1.0166863028371438
1.1125314760964868,65.79332246575679,1.00623082832043
1.1945028172479306,65.79332246575679,0.9992584424971822
1.2825138084358318,65.79332246575679,0.9946514531660973
1.3770094511942694,65.79332246575679,0.9916427150521442
1.4784675347791496,65.79332246575679,0.989704944474349
1.5874010519681994,65.79332246575679,0.9884768488786382
1.7043607928571491,65.79332246575679,0.9877126231367159
1.8299381297668706,65.79332246575679,0.9872468292149638
1.9647680073425282,65.79332246575679,0.9869696975004646
2.1095321529632933,65.79332246575679,0.9868096661258778
2.2649625236951114,65.79332246575679,0.9867210323466964
2.4318450072150157,65.79332246575679,0.9866752660547211
2.611023395419619,65.79332246575679,0.9866549685731986
2.8034036508091575,65.79332246575679,0.9866497472660849
3.009958487218793,65.79332246575679,0.9866534721440752
3.231732288058291,65.79332246575679,0.9866625172351701
3.4698463869276943,65.79332246575679,0.9866746818163837
3.7255047373088623,65.79332246575679,0.9866885689113689
4.0,65.79332246575679,0.9867032485397692
0.25,68.92612104349699,NaN
0.2684200049420297,68.92612104349699,NaN
0.28819719621231704,68.92612104349699,NaN
0.309431571326357,68.92612104349699,NaN
0.3322304956185631,68.92612104349699,NaN
0.35670924510331076,68.92612104349699,NaN
0.38299158933399347,68.92612104349699,NaN
0.41121041720714535,68.92612104349699,NaN
0.44150840887582427,68.92612104349699,NaN
0.47403875716958577,68.92612104349699,NaN
0.5089659421686953,68.92612104349699,NaN
0.5464665628489841,68.92612104349699,NaN
0.5867302300023132,68.92612104349699,NaN
0.6299605249474366,68.92612104349699,NaN
0.6763760288786983,68.92612104349699,1.350113938361285
0.7262114280571625,68.92612104349699,1.2264484391619175
0.7797187004322481,68.92612104349699,1.14685997806377
0.8371683896936681,68.92612104349699,1.0943734878041347
0.8988509731955419,68.92612104349699,1.059277074712292
0.9650783306691824,68.92612104349699,1.0356547200850041
1.0361853211506709,68.92612104349699,1.019735480881903
1.1125314760964868,68.92612104349699,1.0090373876517869
1.1945028172479306,68.92612104349699,1.0018910250611601
1.2825138084358318,68.92612104349699,0.9971582500912206
1.3770094511942694,68.92612104349699,0.9940577115727767
1.4784675347791496,68.92612104349699,0.9920521483564988
1.5874010519681994,68.92612104349699,0.9907732260739313
1.7043607928571491,68.92612104349699,0.9899701701792292
1.8299381297668706,68.92612104349699,0.9894740503541686
1.9647680073425282,68.92612104349699,0.9891726606553838
2.1095321529632933,68.92612104349699,0.9889927558362233
2.2649625236951114,68.92612104349699,0.988887482043758
2.4318450072150157,68.92612104349699,0.9888275294111892
2.611023395419619,68.92612104349699,0.9887949731302912
2.8034036508091575,68.92612104349699,0.9887790631844199
3.009958487218793,68.92612104349699,0.988773422247811
3.231732288058291,68.92612104349699,0.9887742434600322
3.4698463869276943,68.92612104349699,0.9887791872589552
3.7255047373088623,68.92612104349699,0.9887867421071321
4.0,68.92612104349699,0.9887958787088037
0.25,72.20809018385464,NaN
0.2684200049420297,72.20809018385464,NaN
0.28819719621231704,72.20809018385464,NaN
0.309431571326357,72.20809018385464,NaN
0.3322304956185631,72.20809018385464,NaN
0.35670924510331076,72.20809018385464,NaN
0.38299158933399347,72.20809018385464,NaN
0.41121041720714535,72.20809018385464,NaN
0.44150840887582427,72.20809018385464,NaN
0.47403875716958577,72.20809018385464,NaN
0.5089659421686953,72.20809018385464,NaN
0.5464665628489841,72.20809018385464,NaN
0.5867302300023132,72.20809018385464,NaN
0.6299605249474366,72.20809018385464,NaN
0.6763760288786983,72.20809018385464,1.3589007442817458
0.7262114280571625,72.20809018385464,1.2329647414895375
0.7797187004322481,72.20809018385464,1.151948532818416
0.8371683896936681,72.20809018385464,1.098522567144606
0.8988509731955419,72.20809018385464,1.0627885444317173
0.9650783306691824,72.20809018385464,1.0387241991345166
1.0361853211506709,72.20809018385464,1.0224940497922361
1.1125314760964868,72.20809018385464,1.0115749192237287
1.1945028172479306,72.20809018385464,1.0042700628302272
1.2825138084358318,72.20809018385464,0.9994227070589081
1.3770094511942694,72.20809018385464,0.9962385598968853
1.4784675347791496,72.20809018385464,0.9941712714414581
1.5874010519681994,72.20809018385464,0.9928460911753461
1.7043607928571491,72.20809018385464,0.9920077151767097
1.8299381297668706,72.20809018385464,0.9914840287063313
1.9647680073425282,72.20809018385464,0.991160603270027
2.1095321529632933,72.20809018385464,0.9909626572297747
2.2649625236951114,72.20809018385464,0.9908422858280213
2.4318450072150157,72.20809018385464,0.9907694670742864
2.611023395419619,72.20809018385464,0.9907257955548101
2.8034036508091575,72.20809018385464,0.9907001961697132
3.009958487218793,72.20809018385464,0.990686064780686
3.231732288058291,72.20809018385464,0.9906794309530281
3.4698463869276943,72.20809018385464,0.9906778288945681
3.7255047373088623,72.20809018385464,0.9906796432302336
4.0,72.20809018385464,0.9906837547186239
0.25,75.64633275546291,NaN
0.2684200049420297,75.64633275546291,NaN
0.28819719621231704,75.64633275546291,NaN
0.309431571326357,75.64633275546291,NaN
0.3322304956185631,75.64633275546291,NaN
0.35670924510331076,75.64633275546291,NaN
0.38299158933399347,75.64633275546291,NaN
0.41121041720714535,75.64633275546291,NaN
0.44150840887582427,75.64633275546291,NaN
0.47403875716958577,75.64633275546291,NaN
0.5089659421686953,75.64633275546291,NaN
0.5464665628489841,75.64633275546291,NaN
0.5867302300023132,75.64633275546291,NaN
0.6299605249474366,75.64633275546291,NaN
0.6763760288786983,75.64633275546291,1.3682070436256555
0.7262114280571625,75.64633275546291,1.2398578834415142
0.7797187004322481,75.64633275546291,1.157325624199475
0.8371683896936681,75.64633275546291,1.1029027046971538
0.8988509731955419,75.64633275546291,1.066492330111544
0.9650783306691824,75.64633275546291,1.0419592433130096
1.0361853211506709,75.64633275546291,1.025399403486917
1.1125314760964868,75.64633275546291,1.014245896300186
1.1945028172479306,75.64633275546291,1.0067729891219934
1.2825138084358318,75.64633275546291,1.0018041531909843
1.3770094511942694,75.64633275546291,0.998531377664633
1.4784675347791496,75.64633275546291,0.9963986762141679
1.5874010519681994,75.64633275546291,0.9950244943139265
1.7043607928571491,75.64633275546291,0.994148723306952
1.8299381297668706,75.64633275546291,0.9935958690730033
1.9647680073425282,75.64633275546291,0.9932491434439898
2.1095321529632933,75.64633275546291,0.9930321328841702
2.2649625236951114,75.64633275546291,0.9928958159978419
2.4318450072150157,75.64633275546291,0.9928094137307808
2.611023395419619,75.64633275546291,0.9927540110197659
2.8034036508091575,75.64633275546291,0.9927181859831617
3.009958487218793,75.64633275546291,0.9926950949975335
3.231732288058291,75.64633275546291,0.9926805942114314
3.4698463869276943,75.64633275546291,0.9926720844290698
3.7255047373088623,75.64633275546291,0.9926678407819789
4.0,75.64633275546291,0.99266664920166
0.25,79.24828983539173,NaN
0.2684200049420297,79.24828983539173,NaN
0.28819719621231704,79.24828983539173,NaN
0.309431571326357,79.24828983539173,NaN
0.3322304956185631,79.24828983539173,NaN
0.35670924510331076,79.24828983539173,NaN
0.38299158933399347,79.24828983539173,NaN
0.41121041720714535,79.24828983539173,NaN
0.44150840887582427,79.24828983539173,NaN
0.47403875716958577,79.24828983539173,NaN
0.5089659421686953,79.24828983539173,NaN
0.5464665628489841,79.24828983539173,NaN
0.5867302300023132,79.24828983539173,NaN
0.6299605249474366,79.24828983539173,NaN
0.6763760288786983,79.24828983539173,1.3768409520155531
0.7262114280571625,79.24828983539173,1.2462454066598756
0.7797187004322481,79.24828983539173,1.1623031232110548
0.8371683896936681,79.24828983539173,1.1069535346488166
0.8988509731955419,79.24828983539173,1.0699147320812807
0.9650783306691824,79.24828983539173,1.0449462122740698
1.0361853211506709,79.24828983539173,1.028080142826742
1.1125314760964868,79.24828983539173,1.0167089484928449
1.1945028172479306,79.24828983539173,1.0090799634851526
1.2825138084358318,79.24828983539173,1.003998311691801
1.3770094511942694,79.24828983539173,1.0006432417433078
1.4784675347791496,79.24828983539173,0.9984498183444919
1.5874010519681994,79.24828983539173,0.9970301668927335
1.7043607928571491,79.24828983539173,0.9961197143698852
1.8299381297668706,79.24828983539173,0.9955398254052932
1.9647680073425282,79.24828983539173,0.9951715175073819
2.1095321529632933,79.24828983539173,0.9949368588465085
2.2649625236951114,79.24828983539173,0.9947857888768723
2.4318450072150157,79.24828983539173,0.9946868240434006
2.611023395419619,79.24828983539173,0.9946205742261913
2.8034036508091575,79.24828983539173,0.9945752956935928
3.009958487218793,79.24828983539173,0.9945439221143224
3.231732288058291,79.24828983539173,0.994522148784792
3.4698463869276943,79.24828983539173,0.9945072530924515
3.7255047373088623,79.24828983539173,0.994497408943869
4.0,79.24828983539173,0.9944913147078863
0.25,83.02175681319744,NaN
0.2684200049420297,83.02175681319744,NaN
0.28819719621231704,83.02175681319744,NaN
0.309431571326357,83.02175681319744,NaN
0.3322304956185631,83.02175681319744,NaN
0.35670924510331076,83.02175681319744,NaN
0.38299158933399347,83.02175681319744,NaN
0.41121041720714535,83.02175681319744,NaN
0.44150840887582427,83.02175681319744,NaN
0.47403875716958577,83.02175681319744,NaN
0.5089659421686953,83.02175681319744,NaN
0.5464665628489841,83.02175681319744,NaN
0.5867302300023132,83.02175681319744,NaN
0.6299605249474366,83.02175681319744,NaN
0.6763760288786983,83.02175681319744,1.3849254506194733
0.7262114280571625,83.02175681319744,1.2522199876608404
0.7797187004322481,83.02175681319744,1.1669544009315955
0.8371683896936681,83.02175681319744,1.110735614731251
0.8988509731955419,83.02175681319744,1.0731075651285549
0.9650783306691824,83.02175681319744,1.0477308420317089
1.0361853211506709,83.02175681319744,1.0305777214417766
1.1125314760964868,83.02175681319744,1.0190024826313184
1.1945028172479306,83.02175681319744,1.0112272068367407
1.2825138084358318,83.02175681319744,1.0060398206335526
1.3770094511942694,83.02175681319744,1.0026076332175442
1.4784675347791496,83.02175681319744,1.0003573213149481
1.5874010519681994,83.02175681319744,0.9988950862043449
1.7043607928571491,83.02175681319744,0.9979521687604782
1.8299381297668706,83.02175681319744,0.9973469871084786
1.9647680073425282,83.02175681319744,0.9969584996162997
2.1095321529632933,83.02175681319744,0.9967073492148584
2.2649625236951114,83.02175681319744,0.9965424991887184
2.4318450072150157,83.02175681319744,0.9964318050952293
2.611023395419619,83.02175681319744,0.9963554298845745
2.8034036508091575,83.02175681319744,0.9963013280025117
3.009958487218793,83.02175681319744,0.9962622242805339
3.231732288058291,83.02175681319744,0.9962336635096631
3.4698463869276943,83.02175681319744,0.996212807728386
3.7255047373088623,83.02175681319744,0.9961977364056519
4.0,83.02175681319744,0.996187066267503
0.25,86.97490026177834,NaN
0.2684200049420297,86.97490026177834,NaN
0.28819719621231704,86.97490026177834,NaN
0.309431571326357,86.97490026177834,NaN
0.3322304956185631,86.97490026177834,NaN
0.35670924510331076,86.97490026177834,NaN
0.38299158933399347,86.97490026177834,NaN
0.41121041720714535,86.97490026177834,NaN
0.44150840887582427,86.97490026177834,NaN
0.47403875716958577,86.97490026177834,NaN
0.5089659421686953,86.97490026177834,NaN
0.5464665628489841,86.97490026177834,NaN
0.5867302300023132,86.97490026177834,NaN
0.6299605249474366,86.97490026177834,NaN
0.6763760288786983,86.97490026177834,1.392580518132136
0.7262114280571625,86.97490026177834,1.257871549256472
0.7797187004322481,86.97490026177834,1.1713503199286355
0.8371683896936681,86.97490026177834,1.1143071944498533
0.8988509731955419,86.97490026177834,1.0761204884424762
0.9650783306691824,86.97490026177834,1.0503568251777726
1.0361853211506709,86.97490026177834,1.0329316306224108
1.1125314760964868,86.97490026177834,1.021163001793521
1.1945028172479306,86.97490026177834,1.0132490788003343
1.2825138084358318,86.97490026177834,1.0079614889967266
1.3770094511942694,86.97490026177834,1.0044562271383488
1.4784675347791496,86.97490026177834,1.0021520213705473
1.5874010519681994,86.97490026177834,1.0006494576060905
1.7043607928571491,86.97490026177834,0.999675807897112
1.8299381297668706,86.97490026177834,0.9990466958900219
1.9647680073425282,86.97490026177834,0.9986391262286058
2.1095321529632933,86.97490026177834,0.9983723891946796
2.2649625236951114,86.97490026177834,0.998194521497979
2.4318450072150157,86.97490026177834,0.9980727503880171
2.611023395419619,86.97490026177834,0.9979868151931431
2.8034036508091575,86.97490026177834,0.9979243836753833
3.009958487218793,86.97490026177834,0.9978779827042161
3.231732288058291,86.97490026177834,0.997843014580907
3.4698463869276943,86.97490026177834,0.9978165323484232
3.7255047373088623,86.97490026177834,0.9977965263501629
4.0,86.97490026177834,0.9977815363122058
0.25,91.11627561154891,NaN
0.2684200049420297,91.11627561154891,NaN
0.28819719621231704,91.11627561154891,NaN
0.309431571326357,91.11627561154891,NaN
0.3322304956185631,91.11627561154891,NaN
0.35670924510331076,91.11627561154891,NaN
0.38299158933399347,91.11627561154891,NaN
0.41121041720714535,91.11627561154891,NaN
0.44150840887582427,91.11627561154891,NaN
0.47403875716958577,91.11627561154891,NaN
0.5089659421686953,91.11627561154891,NaN
0.5464665628489841,91.11627561154891,NaN
0.5867302300023132,91.11627561154891,NaN
0.6299605249474366,91.11627561154891,NaN
0.6763760288786983,91.11627561154891,1.4010593667213715
0.7262114280571625,91.11627561154891,1.264124986910457
0.7797187004322481,91.11627561154891,1.1762100591118383
0.8371683896936681,91.11627561154891,1.1182524203339073
0.8988509731955419,91.11627561154891,1.0794461471709624
0.9650783306691824,91.11627561154891,1.0532534348063451
1.0361853211506709,91.11627561154891,1.0355265855080522
1.1125314760964868,91.11627561154891,1.0235435494348044
1.1945028172479306,91.11627561154891,1.015475916170911
1.2825138084358318,91.11627561154891,1.0100772436636047
1.3770094511942694,91.11627561154891,1.0064909835908398
1.4784675347791496,91.11627561154891,1.0041270537561164
1.5874010519681994,91.11627561154891,1.0025798132810269
1.7043607928571491,91.11627561154891,1.0015721329246725
1.8299381297668706,91.11627561154891,1.0009165360692025
1.9647680073425282,91.11627561154891,1.0004878591298798
2.1095321529632933,91.11627561154891,1.0002038905168846
2.2649625236951114,91.11627561154891,1.0000116379014572
2.4318450072150157,91.11627561154891,0.999877630599779
2.611023395419619,91.11627561154891,0.999781137427892
2.8034036508091575,91.11627561154891,0.999709507843467
3.009958487218793,91.11627561154891,0.9996550492156585
3.231732288058291,91.11627561154891,0.9996130060556777
3.4698463869276943,91.11627561154891,0.999580310922686
3.7255047373088623,91.11627561154891,0.9995548557739063
4.0,91.11627561154891,0.9995350953924262
0.25,95.45484566618342,NaN
0.2684200049420297,95.45484566618342,NaN
0.28819719621231704,95.45484566618342,NaN
0.309431571326357,95.45484566618342,NaN
0.3322304956185631,95.45484566618342,NaN
0.35670924510331076,95.45484566618342,NaN
0.38299158933399347,95.45484566618342,NaN
0.41121041720714535,95.45484566618342,NaN
0.44150840887582427,95.45484566618342,NaN
0.47403875716958577,95.45484566618342,NaN
0.5089659421686953,95.45484566618342,NaN
0.5464665628489841,95.45484566618342,NaN
0.5867302300023132,95.45484566618342,NaN
0.6299605249474366,95.45484566618342,NaN
0.6763760288786983,95.45484566618342,1.408163218356706
0.7262114280571625,95.45484566618342,1.2693593147718645
0.7797187004322481,95.45484566618342,1.1802743690650996
0.8371683896936681,95.45484566618342,1.1215493547653435
0.8988509731955419,95.45484566618342,1.082223356414928
0.9650783306691824,95.45484566618342,1.05567079847299
1.0361853211506709,95.45484566618342,1.0376909717515193
1.1125314760964868,95.45484566618342,1.0255281337987658
1.1945028172479306,95.45484566618342,1.0173316031897754
1.2825138084358318,95.45484566618342,1.0118397847515739
1.3770094511942694,95.45484566618342,1.0081856139308787
1.4784675347791496,95.45484566618342,1.0057716201411466
1.5874010519681994,95.45484566618342,1.0041869412007314
1.7043607928571491,95.45484566618342,1.0031507555896404
1.8299381297668706,95.45484566618342,1.0024729851763152
1.9647680073425282,95.45484566618342,1.0020266462982526
2.1095321529632933,95.45484566618342,1.0017282659230204
2.2649625236951114,95.45484566618342,1.0015239881367228
2.4318450072150157,95.45484566618342,1.0013797550854426
2.611023395419619,95.45484566618342,1.001274440579451
2.8034036508091575,95.45484566618342,1.001195126822694
3.009958487218793,95.45484566618342,1.001133937029171
3.231732288058291,95.45484566618342,1.001085983551134
3.4698463869276943,95.45484566618342,1.0010480981930296
3.7255047373088623,95.45484566618342,1.0010180907441477
4.0,95.45484566618342,1.0009943450938765
0.25,100.0,NaN
0.2684200049420297,100.0,NaN
0.28819719621231704,100.0,NaN
0.309431571326357,100.0,NaN
0.3322304956185631,100.0,NaN
0.35670924510331076,100.0,NaN
0.38299158933399347,100.0,NaN
0.41121041720714535,100.0,NaN
0.44150840887582427,100.0,NaN
0.47403875716958577,100.0,NaN
0.5089659421686953,100.0,NaN
0.5464665628489841,100.0,NaN
0.5867302300023132,100.0,NaN
0.6299605249474366,100.0,NaN
0.6763760288786983,100.0,1.4162423167739795
0.7262114280571625,100.0,1.2753067978000034
0.7797187004322481,100.0,1.1848886700643777
0.8371683896936681,100.0,1.1252896586424073
0.8988509731955419,100.0,1.0853718948380915
0.9650783306691824,100.0,1.0584096808094499
1.0361853211506709,100.0,1.0401418828032678
1.1125314760964868,100.0,1.027774378783414
1.1945028172479306,100.0,1.0194311298521126
1.2825138084358318,100.0,1.013833293243506
1.3770094511942694,100.0,1.0101018358284244
1.4784675347791496,100.0,1.0076308773517375
1.5874010519681994,100.0,1.0060036122979197
1.7043607928571491,100.0,1.004935015112924
1.8299381297668706,100.0,1.0042320445471304
1.9647680073425282,100.0,1.0037656432806532
2.1095321529632933,100.0,1.0034509008086352
2.2649625236951114,100.0,1.0032329757244485
2.4318450072150157,100.0,1.0030771415459312
2.611023395419619,100.0,1.0029618213355196
2.8034036508091575,100.0,1.002873792740604
3.009958487218793,100.0,1.0028049692734382
3.231732288058291,100.0,1.0027503130161703
3.4698463869276943,100.0,1.0027065413924623
3.7255047373088623,100.0,1.002671371030339
4.0,100.0,1.0026431054929215
